400000333X,家父長制と資本制,上野千鶴子,岩波書店,1990-10-01,2050
4000024205,ライプニッツの哲学[増補改訂版],石黒ひで,岩波書店,2003-07-01,4120
4000024302,倫理学概論,金子武蔵,岩波書店,1998-06-01,3770
4000025856,ロ－マの哲人セネカの言葉,中野孝次,岩波書店,2003-09-01,2160
4000027336,近代学問理念の誕生,佐々木力,岩波書店,1992-10-01,2350
4000028731,フェミニズムのイズムを超えて,天野正子,岩波書店,1997-08-01,2720
400007685X,Ｃｏｍｍｏｎ　Ｌｉｓｐ入門,湯浅太一　萩谷昌己,岩波書店,1986-07-01,620
4000103458,岩波講座ソフトウェア科学(5),,岩波書店,1989-10-01,2700
4000103466,岩波講座ソフトウェア科学(6),,岩波書店,1988-09-01,1870
4000103474,岩波講座ソフトウェア科学(7),長尾真,岩波書店,1992-10-01,4140
4000103563,岩波講座ソフトウェア科学(16),,岩波書店,1989-02-01,1100
4000109642,岩波講座マルチメディア情報学(4),長尾真,岩波書店,2000-01-01,2260
4000227386,現代日本思想論,安丸良夫,岩波書店,2004-01-01,4390
4000230050,差異の政治学,上野千鶴子,岩波書店,2002-02-01,4120
4000233920,触発する言葉,ジュディス・バトラ－　竹村和子,岩波書店,2004-04-01,3330
4000236466,セネカ現代人への手紙,中野孝次,岩波書店,2004-05-01,2200
4000237071,ソクラテスはなぜ死んだのか,加来彰俊,岩波書店,2004-03-01,1860
4000237578,〈民が代〉斉唱,鄭暎恵,岩波書店,2003-08-01,2600
4000244205,敗北を抱きしめて(上)[増補版],ジョン・Ｗ．ダワ－　三浦陽一,岩波書店,2003-11-01,4470
4000244213,敗北を抱きしめて(下)[増補版],ジョン・Ｗ．ダワ－　三浦陽一,岩波書店,2003-11-01,1450
4000260219,現代政治分析,ロバ－ト・アラン・ダ－ル　高畠通敏,岩波書店,1999-03-01,1120
4000264222,市場,金子勝,岩波書店,1999-10-01,3020
4000264230,正義,大川正彦,岩波書店,1999-10-01,2450
4000264249,原理主義,臼杵陽,岩波書店,1999-11-01,4290
4000264257,脱構築,守中高明,岩波書店,1999-12-01,3750
4000264265,身体／生命,市野川容孝,岩波書店,2000-01-01,3350
4000264273,記憶／物語,岡真理,岩波書店,2000-02-01,2750
4000264281,デモクラシ－,千葉真,岩波書店,2000-03-01,4330
400026429X,公共性,斎藤純一,岩波書店,2000-05-01,1860
4000264303,権力,杉田敦,岩波書店,2000-06-01,3230
400026432X,フェミニズム,竹村和子,岩波書店,2000-10-01,3370
4000264338,ジェンダ－／セクシュアリティ,田崎英明,岩波書店,2000-09-01,2090
4000264346,歴史／修正主義,高橋哲哉,岩波書店,2001-01-01,3740
4000264354,ポストコロニアル,小森陽一,岩波書店,2001-04-01,4270
4000264370,思考をひらく,姜尚中,岩波書店,2002-02-01,1770
4000266047,自己決定権とジェンダ－,江原由美子,岩波書店,2002-02-01,3780
4000267159,岩波応用倫理学講義(2),越智貢,岩波書店,2004-05-01,3620
4000268058,精神の現象学(上巻),ゲオルク・ヴィルヘルム・フリ－ドリヒ・ヘ　金子武蔵,岩波書店,2002-11-01,4310
4000268066,精神の現象学(下巻),ゲオルク・ヴィルヘルム・フリ－ドリヒ・ヘ　金子武蔵,岩波書店,2002-11-01,3330
4000268074,宗教哲学(上巻),ゲオルク・ヴィルヘルム・フリ－ドリヒ・ヘ　木場深定,岩波書店,2003-01-01,920
4000268503,ジェンダ－化する社会,姫岡とし子,岩波書店,2004-03-01,1130
400027001X,精神分析,十川幸司,岩波書店,2003-11-01,3370
4000270028,リ－ジョナリズム,丸川哲史,岩波書店,2003-10-01,1720
4000270036,環境,諸富徹,岩波書店,2003-10-01,3670
4000270044,クイア・スタディ－ズ,河口和也,岩波書店,2003-12-01,3430
4000270079,教育,広田照幸,岩波書店,2004-05-01,2770
4000270745,サイ－ドと歴史の記述,シェリ－・ワリア　永井大輔,岩波書店,2004-04-01,520
4000802038,岩波女性学事典,井上輝子,岩波書店,2002-06-01,3740
4000925911,森嶋通夫著作集(1),森嶋通夫,岩波書店,2003-12-01,1340
400092592X,森嶋通夫著作集(2),森嶋通夫,岩波書店,2003-10-01,4450
4000925962,森嶋通夫著作集(6),森嶋通夫,岩波書店,2003-11-01,3390
4000925970,森嶋通夫著作集(7),森嶋通夫,岩波書店,2004-04-01,1580
4000926004,森嶋通夫著作集(10),森嶋通夫,岩波書店,2004-03-01,1180
4000926020,森嶋通夫著作集(12),森嶋通夫,岩波書店,2004-05-01,1610
4022577738,クチコミュニティ・マ－ケティング,日野かえこ,朝日新聞社,2002-09-01,3950
4022578599,クチコミュニティ・マ－ケティング(２（実践編）),日野かえこ,朝日新聞社,2003-08-01,2580
4047040886,ユビキタス・コンピュ－タ革命,坂村健,角川書店,2002-06-01,800
4062108607,戦争広告代理店,高木徹,講談社,2002-06-01,1920
4062111756,ＭＢＡ社長の「ロジカル・マネジメント」－私（わたし）の方法,山田修,講談社,2002-03-01,770
4062117673,人事力,ハ－バ－ド・ビジネス・スク－ル・プレス　ピ－タ－・キャペリ,講談社,2003-03-01,4210
4062117681,財務力,ハ－バ－ド・ビジネス・スク－ル・プレス　サミュエル・Ｌ．ヘイズ,講談社,2003-03-01,4230
4062120232,対話力,ハ－バ－ド・ビジネス・スク－ル・プレス　メアリ－・ムンタ－,講談社,2003-09-01,1260
4062120240,交渉力,ハ－バ－ド・ビジネス・スク－ル・プレス　マイケル・ワトキンズ,講談社,2003-09-01,4270
4062120259,創造力,ハ－バ－ド・ビジネス・スク－ル・プレス　ラルフ・カッツ,講談社,2003-09-01,4370
4062123622,カルロス・ゴ－ンが語る「５つの革命」,長谷川洋三,講談社,2004-04-01,1150
406258283X,皇后の近代,片野真佐子,講談社,2003-11-01,2990
4095101016,小学館ランダムハウス英和大辞典[第２版],小学館,小学館,1993-11-01,1860
4096771171,梅原猛著作集(17),梅原猛,小学館,2001-12-01,2700
4105197037,沈黙の春,レ－チェル・ルイス・カ－ソン　青樹簗一,新潮社,2001-06-01,4140
4106005832,マ－ケティングを知っていますか,鹿嶋春平太,新潮社,2000-03-01,980
4130050281,パワ－・エリ－ト(上),チャ－ルズ・ライト・ミルズ　鵜飼信成,東京大学出版会,1984-05-01,2880
413005029X,パワ－・エリ－ト(下),チャ－ルズ・ライト・ミルズ　鵜飼信成,東京大学出版会,1985-02-01,1300
4130060163,政治権力(上),チャ－ルズ・エドワ－ド・メリアム　斎藤真,東京大学出版会,1983-02-01,3950
4130060171,政治権力(下),チャ－ルズ・エドワ－ド・メリアム　斎藤真,東京大学出版会,1976-07-01,4390
4130100289,根拠よりの挑戦,井上忠,東京大学出版会,1988-10-01,1910
4130100947,記号の知／メディアの知,石田英敬,東京大学出版会,2003-10-01,3150
4130120050,西洋哲学史[第３版],原佑,東京大学出版会,1990-06-01,3930
4130120069,思想史[第２版],中村雄二郎,東京大学出版会,1977-04-01,1320
413032019X,日本の政治,京極純一,東京大学出版会,1983-09-01,1140
413032201X,政治学講義,佐々木毅,東京大学出版会,1999-01-01,3490
4130341316,社会科学の理論とモデル(1),,東京大学出版会,2000-06-01,640
4130341324,社会科学の理論とモデル(2),,東京大学出版会,2000-06-01,2440
4130341332,社会科学の理論とモデル(3),,東京大学出版会,2000-07-01,3840
4130341340,社会科学の理論とモデル(4),,東京大学出版会,2000-08-01,4400
4130341359,社会科学の理論とモデル(5),,東京大学出版会,2000-09-01,3100
4130341367,社会科学の理論とモデル(6),,東京大学出版会,2000-10-01,1520
4130341375,社会科学の理論とモデル(7),,東京大学出版会,2000-11-01,4370
4130341391,社会科学の理論とモデル(9),,東京大学出版会,2001-04-01,4030
4130341405,社会科学の理論とモデル(10),,東京大学出版会,2001-10-01,2950
4130341413,社会科学の理論とモデル(11),,東京大学出版会,2001-07-01,1030
4130341421,社会科学の理論とモデル(12),,東京大学出版会,2002-09-01,660
4130362038,戦後日本政治学史,田口富久治,東京大学出版会,2001-02-01,3680
4130420259,マ－ケティング・サイエンス,片平秀貴,東京大学出版会,1987-04-01,1360
4130421018,経済学のための数学入門,神谷和也　浦井憲,東京大学出版会,1996-01-01,1350
4130460757,近代資本主義の組織,中林真幸,東京大学出版会,2003-06-01,2240
4130501453,メディアと公共圏のポリティクス,花田達朗,東京大学出版会,1999-11-01,3040
4130520202,社会情報学ハンドブック,吉見俊哉　花田達朗,東京大学出版会,2004-03-01,2780
4130614045,グレブナ－基底の計算(基礎篇),,東京大学出版会,2003-06-01,1830
4130614053,グレブナ－基底の計算(実践篇),,東京大学出版会,2003-06-01,2370
4130627104,環境気候学,吉野正敏　福岡義隆,東京大学出版会,2003-09-01,1930
4140019506,男女共同参画社会をつくる,大沢真理,日本放送出版協会,2002-09-01,820
4140093021,プラトン,納富信留,日本放送出版協会,2002-11-01,1300
4140393610,英語で学ぶＭＢＡベ－シックス,藤井正嗣　リチャ－ド・シ－ハン,日本放送出版協会,2002-03-01,4120
4152083352,なぜこの店で買ってしまうのか,パコ・アンダ－ヒル　鈴木主税,早川書房,2001-02-01,3340
4152085320,ハリ－・ポッタ－の科学,ロジャ－・ハイフィ－ルド　岡田靖史,早川書房,2003-12-01,690
4152085436,クラカトアの大噴火,サイモン・ウィンチェスタ－　柴田裕之,早川書房,2004-01-01,670
4152085681,なぜ人はショッピングモ－ルが大好きなのか,パコ・アンダ－ヒル　鈴木主税,早川書房,2004-05-01,1170
4172110061,自然環境のアセスメント技術(2),環境庁企画調整局,国立印刷局,2000-09-01,1270
4172641601,地球温暖化の実態と見通し,気象庁,国立印刷局,1996-10-01,1050
4198615195,世界を不幸にしたグロ－バリズムの正体,ジョ－ゼフ・Ｅ．スティグリッツ　鈴木主税,徳間書店,2002-05-01,4200
4250980537,ブルデュ－社会学を読む,安田尚,青木書店,1998-12-01,3710
425099032X,グロ－バル・フェミニズム,ロッシ・ブライドッチ　寿福真美,青木書店,1999-08-01,610
4254115512,群上の調和解析,河添健,朝倉書店,2000-04-01,3270
4254115520,ト－リック多様体入門,石田正典,朝倉書店,2000-05-01,2470
4254115539,結び目と量子群,村上順,朝倉書店,2000-06-01,1890
4254115547,パンルヴェ方程式,野海正俊,朝倉書店,2000-09-01,3140
4254115555,Ｄ加群と計算数学,大阿久俊則,朝倉書店,2002-02-01,3300
4254115563,特異点とル－ト系,松澤淳一,朝倉書店,2002-04-01,3330
4254115571,超幾何関数,原岡喜重,朝倉書店,2002-10-01,2160
425411558X,グレブナ－基底,日比孝之,朝倉書店,2003-06-01,2770
4254121393,コンパイラの構成と最適化,中田育男,朝倉書店,1999-09-01,1740
4254121598,理工系のＪａｖａ,小国力　三井栄慶,朝倉書店,2004-03-01,1050
4254127081,コンパイラの仕組み,渡辺坦,朝倉書店,1998-04-01,4130
425412709X,パタ－ン情報処理の基礎,鳥脇純一郎,朝倉書店,1998-04-01,3150
4254295014,マ－ケティング・リサ－チ工学,朝野煕彦,朝倉書店,2000-12-01,3170
4254295022,マ－ケティング・デ－タ解析,木島正明　中川慶一郎,朝倉書店,2003-11-01,4170
4254400128,環境化学概論,増島博　藤井國博,朝倉書店,2003-02-01,2190
4254500122,タブロ－の方法による論理学入門,丹治信春,朝倉書店,1999-11-01,1420
4259546511,地球白書(38111),クリストファ－・フレ－ヴィン　エコ・フォ－ラム２１世紀,家の光協会,2004-05-01,4060
4272140485,はじめて学ぶマ－ケティング(応用篇),薄井和夫,大月書店,2003-09-01,1980
4272140493,はじめて学ぶマ－ケティング(基礎篇),薄井和夫,大月書店,2003-12-01,1480
4272330411,宇宙からみた地球環境,山田ふしぎ　宇宙航空研究開発機構,大月書店,2004-02-01,3030
4272350188,はじめて学ぶジェンダ－論,伊田広行,大月書店,2004-03-01,960
4274024377,科学技術和英大辞典[コンパクト版],富井篤,オ－ム社,2000-09-01,1860
4274024385,科学技術英和大辞典[コンパクト版],富井篤,オ－ム社,2000-09-01,1390
4274062236,Ｊａｖａプログラミング１００１　Ｔｉｐｓ,マ－ク・Ｃ．チャン　舟木将彦,オ－ム社,1997-11-01,1940
4274064026,Ｍａｃｒｏｍｅｄｉａ　ＦＬＡＳＨ　ＡｃｔｉｏｎＳｃｒｉｐｔバイブル,上野亨,オ－ム社,2000-12-01,2440
4274064115,ＧＮＵ　Ａｕｔｏｃｏｎｆ／Ａｕｔｏｍａｋｅ／Ｌｉｂｔｏｏｌ,ゲイリ－・Ｖ．ヴォ－ン　でびあんぐる,オ－ム社,2001-03-01,2690
4274064212,ＤＮＳ　＆　ＢＩＮＤ入門,ニコライ・ラングフェルト　でびあんぐる,オ－ム社,2001-06-01,4380
4274064395,ＷｅｂＯｂｊｅｃｔｓアプリケ－ション開発ガイド,ジョ－ジ・ルゼック　テクニカルラボ,オ－ム社,2001-10-01,2370
4274064603,Ｒｕｂｙ　ｇｅｍ　ｂｏｘ,ＲｕｂｙＵｎｉｔ,オ－ム社,2002-02-01,3300
4274064905,Ｍａｃｒｏｍｅｄｉａ　ＦＬＡＳＨ　ＡｃｔｉｏｎＳｃｒｉｐｔバイブル(続),上野亨,オ－ム社,2002-09-01,1760
4274065162,認証技術,リチャ－ド・Ｅ．スミス　稲村雄,オ－ム社,2003-04-01,2530
4274065545,実用統計用語事典,岩崎学　中西寛子,オ－ム社,2004-03-01,4120
4274073815,８０３８６の使い方,ウィリアム・バンバン・スルヤント,オ－ム社,1987-11-01,750
4274078760,視覚認知と聴覚認知,斎藤秀昭　森晃徳,オ－ム社,1999-02-01,4240
4274079635,ビジネスコラボレ－ションのためのオブジェクト共有技術,堀内一　大谷真,オ－ム社,2003-10-01,820
4274129829,コンピュ－タシステム,飯塚肇,オ－ム社,1994-10-01,4450
4274130134,コンパイラ,中田育男,オ－ム社,1995-06-01,1270
427413086X,コンピュ－タア－キテクチャ,柴山潔,オ－ム社,1997-03-01,1330
4274131424,パタ－ン情報処理,白井良明　谷内田正彦,オ－ム社,1998-04-01,750
4274131912,コンピュ－タア－キテクチャ[改訂２版],馬場敬信,オ－ム社,2000-02-01,1350
4274132501,オペレ－ティングシステム,野口健一郎,オ－ム社,2002-09-01,1900
4274132781,アルゴリズム論,浅野哲夫　和田幸一,オ－ム社,2003-07-01,3890
427419700X,環境統計学入門,片谷教孝　松藤敏彦,オ－ム社,2003-04-01,530
4274946762,ソフトウェアエンジニアリング基礎知識体系,松本吉弘,オ－ム社,2003-06-01,530
4303731501,自己組織化マップ,マ－ク・Ｍ．ヴァン・フッレ　徳高平蔵,海文堂出版,2001-03-01,2790
4303732303,自己組織化マップの応用,徳高平蔵,海文堂出版,1999-02-01,2540
4303732311,自己組織化マップ応用事例集,徳高平蔵　藤村喜久郎,海文堂出版,2002-10-01,2170
4309706193,アインシュタインの相対性理論[改訂版新装],エルンスト・カッシ－ラ－　山本義隆,河出書房新社,1996-03-01,1990
4313160779,どう進めるか、自治体の男女共同参画政策,藤枝澪子　グル－プみこし,学陽書房,2001-11-01,2300
4314009403,意味論序説,ルドルフ・カルナップ,紀伊国屋書店,2003-05-01,1630
4314009519,オトメの行方,川村邦光,紀伊国屋書店,2003-12-01,430
4320015959,群・環・体入門,新妻弘　木村哲三,共立出版,1999-02-01,3150
432001622X,ア－ベル群・代数群[復刊],本田欣哉　永田雅宜,共立出版,1999-07-01,4010
4320016238,微分位相幾何学[復刊],足立正久,共立出版,1999-07-01,3980
4320016319,代数幾何学入門[復刊],中野茂男,共立出版,1999-11-01,3760
4320016327,抽象代数幾何学[復刊],永田雅宜　宮西正宜,共立出版,1999-11-01,2030
4320016580,可換環論[復刊],松村英之,共立出版,2000-09-01,1190
4320016661,位相解析[復刊],加藤敏夫,共立出版,2001-01-01,4480
4320016688,有限群論[復刊],伊藤昇,共立出版,2001-03-01,2750
4320016769,半群論[復刊],田村孝行,共立出版,2001-05-01,4460
4320016823,数理論理学[復刊],松本和夫,共立出版,2001-08-01,2110
4320016874,微分幾何学とゲ－ジ理論[復刊],茂木勇　伊藤光弘,共立出版,2001-11-01,3580
432001703X,ヒルベルト空間論[復刊],吉田耕作,共立出版,2002-06-01,2390
4320017048,初等カタストロフィ－[復刊],野口広　福田拓生,共立出版,2002-06-01,3960
4320017129,位相力学[復刊],斎藤利弥,共立出版,2002-12-01,1200
4320017277,作用素代数入門[復刊],梅垣寿春　大矢雅則,共立出版,2003-01-01,3500
4320024354,ＯＳ入門,伊吹公夫,共立出版,1991-08-01,3650
4320025881,Ｃｏｍｍｏｎ　ＬＩＳＰ[第２版],ガイ・Ｌ．スティ－ル，Ｊｒ．　井田昌之,共立出版,1992-06-01,1360
4320025911,入門地理情報システム,ジェフリ・スタ－　ジョン・エステス,共立出版,1992-08-01,3450
4320026365,計算幾何学と地理情報処理[第２版],腰塚武志,共立出版,1993-03-01,3460
4320027744,パタ－ンとフレ－ムワ－ク,ラルフ・Ｅ．ジョンソン,共立出版,1999-06-01,3010
4320028406,オブジェクト指向デ－タベ－ス入門,ウォン・キム　増永良文,共立出版,1996-11-01,4290
4320029046,国際化プログラミング,清兼義弘　末広陽一,共立出版,1998-08-01,1360
4320029224,コンパイラ構成法,原田賢一,共立出版,1999-03-01,800
4320029402,はじめての並列プログラミング,湯浅太一　安村通晃,共立出版,1999-07-01,480
4320029763,エ－ジェントテクノロジ－最前線,長尾確,共立出版,2000-07-01,2790
4320029836,オブジェクト指向ソフトウェアテスト技法,シェル・シ－ゲル　古宮誠一,共立出版,2000-06-01,3070
432009445X,認知科学辞典,日本認知科学会,共立出版,2002-08-01,2720
432009719X,要求定義工学入門,ペリクレス・ル－コプ－ロス　ヴァシリオス・カラコスタス,構造計画研究所,1997-10-01,1660
4320097270,ソフトウェアインスペクション,トム・ギルブ　ドロシ－・グラハム,構造計画研究所,1999-08-01,1310
4320120159,ソフトウェアパタ－ン,中谷多哉子　青山幹雄,共立出版,2001-05-01,3180
4320120345,デ－タ構造とアルゴリズム,杉原厚吉,共立出版,2001-12-01,3580
4320120361,情報検索アルゴリズム,北研二　津田和彦,共立出版,2002-01-01,1430
4320120655,Ｊａｖａ入門プログラミング,桐山清,共立出版,2003-02-01,4140
4320120949,演習でマスタ－するＪａｖａプログラミング,齊藤隆　内藤広志,共立出版,2004-03-01,1250
4320120957,アセンブリ言語の基礎,山崎一生,共立出版,2004-05-01,460
4322100856,金融実務大辞典,吉原省三,金融財政事情研究会,2000-09-01,1400
4322103499,企業再生の実務,企業再生実務研究会,金融財政事情研究会,2002-12-01,730
4322103510,金融実務六法(２００３年版),関沢正彦　鈴木禄弥,金融財政事情研究会,2002-12-01,1770
4322105033,企業年金の法務と実務,住友信託銀行株式会社,金融財政事情研究会,2004-05-01,540
4322105068,企業再生の会計と税務,三宅茂久,金融財政事情研究会,2004-01-01,3910
4324067570,ＩＴ革命時代のサ－ビス・マ－ケティング,南方建明　堀良,ぎょうせい,2002-03-01,670
4324071675,速報個人情報保護関係法令集,個人情報保護法令研究会,ぎょうせい,2003-06-01,1790
4324072248,Ｑ＆Ａ相続実務全書[改訂版],太田・細川会計事務所,ぎょうせい,2003-11-01,1140
4324072450,環境実務六法(平成１６年版),環境法令研究会,ぎょうせい,2004-01-01,1840
4324073414,公益法人の運営実務と税務・会計Ｑ＆Ａ,中央青山監査法人,ぎょうせい,2004-03-01,4000
4324073449,逐条解説男女共同参画社会基本法,内閣府男女共同参画局,ぎょうせい,2004-02-01,3840
4326100648,フレ－ゲの言語哲学,野本和幸,勁草書房,1986-06-01,1390
4326101067,予言がはずれるとき,Ｌ．フェスティンガ－　水野博介,勁草書房,1995-12-01,2960
4326101210,論理と会話,ポ－ル・グライス　清塚邦彦,勁草書房,1998-08-01,3000
4326151447,構造主義の冒険,上野千鶴子,勁草書房,1985-08-01,2870
4326151706,現代倫理学の展望[第３版],伴博　遠藤弘,勁草書房,2001-09-01,1180
4326151757,権力,ニクラス・ル－マン　長岡克行,勁草書房,1986-09-01,690
4326301228,政治コミュニケ－ション,大石裕,勁草書房,1998-11-01,790
432660073X,シンボリック相互作用論,ハ－バ－ト・ブル－マ－　後藤将之,勁草書房,1991-02-01,1890
4326601434,ジェンダ－・ポリティクスのゆくえ,神奈川大学人文学研究所,勁草書房,2001-02-01,3800
4326648600,少子化のジェンダ－分析,目黒依子　西岡八郎,勁草書房,2004-05-01,4140
432665032X,主婦論争を読む(1),上野千鶴子,勁草書房,1982-11-01,2160
4326650338,主婦論争を読む(2),上野千鶴子,勁草書房,1982-12-01,3290
4326650575,女は世界を救えるか,上野千鶴子,勁草書房,1986-01-01,2980
4326650664,女という快楽,上野千鶴子,勁草書房,1986-11-01,2300
4326650907,アメリカ・フェミニズムの社会史,有賀夏紀,勁草書房,1988-06-01,3410
4326651121,近代家族とフェミニズム,落合恵美子,勁草書房,1989-12-01,2770
4326651148,フェミニズム論争,江原由美子,勁草書房,1990-01-01,3440
4326651164,フェミニズムと言語理論,デボラ・カメロン　中村桃子,勁草書房,1990-07-01,1220
4326651202,信頼,ニクラス・ル－マン　大庭健,勁草書房,1990-12-01,1380
4326651385,フェミニズムの主張,江原由美子,勁草書房,1992-05-01,2980
4326651644,装置としての性支配,江原由美子,勁草書房,1995-01-01,4320
4326651660,性の商品化,江原由美子,勁草書房,1995-05-01,830
432665192X,生殖技術とジェンダ－,江原由美子,勁草書房,1996-09-01,830
4326652187,性・暴力・ネ－ション,江原由美子,勁草書房,1998-11-01,3320
4326652411,フェミニズムのパラドックス,江原由美子,勁草書房,2000-09-01,1530
4326652454,構築主義とは何か,上野千鶴子,勁草書房,2001-02-01,2080
4326652519,ジェンダ－秩序,江原由美子,勁草書房,2001-04-01,2100
432665256X,フェミニズムとリベラリズム,江原由美子,勁草書房,2001-10-01,420
4326652624,お笑いジェンダ－論,瀬地山角,勁草書房,2001-12-01,980
4326652896,メディアは知識人をどう使ったか,大井浩一,勁草書房,2004-02-01,510
4327236020,英語基本名詞辞典,小西友七,研究社,2001-05-01,4290
4339023167,実習ができるＺ８０アセンブラ入門,桐山清,コロナ社,1994-03-01,2970
433902581X,並列処理概説,渡辺勝正,コロナ社,1991-04-01,3250
4339025828,並列計算機ア－キテクチャ,奥川峻史,コロナ社,1991-05-01,4410
4339025879,並列オペレ－ティングシステム,福田晃,コロナ社,1997-05-01,3110
4339082449,シミュレ－ション[第２版],Ｗ．デ－ヴィド・ケルトン　ランドル・Ｐ．サドウスキ－,コロナ社,2002-09-01,3230
4380952150,哲学・論理用語辞典[新版],思想の科学研究会,三一書房,1995-04-01,1240
4381010124,地理情報システム,町田聡,山海堂,1994-03-01,750
4381016505,ＧＩＳ・地理情報システム,町田聡,山海堂,2004-01-01,2550
4382047196,イノベ－ション普及学入門 コミュニケ－ション学、社会心理学、文化人類学、教育,エヴァレット・Ｍ．ロジャ－ズ,産能大学出版部,1981-10-01,2170
4382050510,イノベーション普及学,ロジャーズ，Ｅ．Ｍ,産能大学出版部,1990-05-01,3530
438205334X,テクノ・マ－ケティング戦略,山之内昭夫　今村哲也,産能大学出版部,1996-02-01,2280
4382054729,カスタマ－ソリュ－ション,谷口正和,産能大学出版部,1998-12-01,3810
438205480X,ＭＢＡ経営キ－コンセプト,鶴岡公幸　松林博文,産能大学出版部,1999-05-01,1030
4396611153,日本は、よみがえる,望月護　竹村健一,祥伝社,2000-12-01,2280
439661134X,ドラッカ－と福沢諭吉,望月護,祥伝社,2001-10-01,1680
4401770277,映画アニメ・ＣＭの全仕事(2004),,東放学園,2003-07-01,4380
4403230989,科学最前線ノ－ト４１,池内了,新書館,2003-10-01,4120
4407031859,マ－ケティング入門,江田三喜男,実教出版,1999-04-01,2880
4413034651,あなたが担当でよかった！,中村友妃子,青春出版社,2004-04-01,2780
4413034716,ドラッカ－が語るリ－ダ－の心得,小林薫,青春出版社,2004-06-01,2360
4414302730,暴かれる嘘,パウル・エクマン　工藤力,誠信書房,1992-11-01,3480
4414518040,ゴッフマンの社会学(4),ア－ヴィング・ゴッフマン,誠信書房,1980-12-01,2280
4415025269,ゼロからのホ－ムペ－ジ作り,邑ネットワ－ク,成美堂出版,2003-12-01,3030
4419042761,体系法人税法(平成１５年度版),山本守之,税務経理協会,2003-08-01,1140
4422100769,買おうか、買うまいか０．０１秒の心理学,国友隆一,創元社（大阪）,2003-11-01,1780
4423301016,トマス・アクィナスの倫理思想,上智大学中世思想研究所,創文社（千代田区）,1999-02-01,4270
4426110076,教科書が教えられない政治学,土屋彰久,自由国民社,2004-01-01,3700
4431707301,特異点入門,石井志保子,シュプリンガ－・フェアラ－ク東京,1997-10-01,2690
4433217646,Ｑ＆Ａ税理士のための資産税の税務判断実務マニュアル(平成１６年５月改訂),笹岡宏保,清文社,2004-05-01,1610
4433241431,企業再編[第６版],ト－マツ,清文社,2003-12-01,1490
4434009346,新・Ｊａｖａによる分散アプリケ－ション開発,平山美智子,エスアイビ－・アクセス,2001-07-01,2940
4434029460,Ｃ＃プライマ－,スタンリ・Ｂ．リップマン　平鍋健児,エスアイビ－・アクセス,2003-03-01,3170
4434043307,Ｓｑｕｅａｋプログラミング入門,ジ－ン・コリエネック　トム・レンチ,エスアイビ－・アクセス,2004-04-01,2580
4469212709,カルチュラル・スタディ－ズへの招待,本橋哲也,大修館書店,2002-02-01,1980
4471636731,図解革命！業界地図最新ダイジェスト(２００４年版),一橋総合研究所,高橋書店,2003-11-01,2360
4472111810,シュライア－マッハ－の哲学,ヴォルフガング・Ｈ．プレ－ガ－　増淵幸男,玉川大学出版部,1998-07-01,3940
4474018028,ベ－シック環境六法(平成１６年版),淡路剛久,第一法規出版,2004-03-01,4100
4478082308,ＣＴＩビジネス革命,妙中俊哉,ダイヤモンドセ－ルス編集企画,1998-03-01,2990
4478190453,ネクスト・ソサエティ,ピ－タ－・ファ－ディナンド・ドラッカ－　上田惇生,ダイヤモンド社,2002-05-01,2260
4478200017,成長の限界,ドネラ・Ｈ．メドウズ　大来佐武郎,ダイヤモンド社,1972-05-01,2660
4478300593,プロフェッショナルの条件,ピ－タ－・ファ－ディナンド・ドラッカ－　上田惇生,ダイヤモンド社,2000-06-01,2310
4478300615,チェンジ・リ－ダ－の条件,ピ－タ－・ファ－ディナンド・ドラッカ－　上田惇生,ダイヤモンド社,2000-09-01,2700
4478300623,イノベ－タ－の条件,ピ－タ－・ファ－ディナンド・ドラッカ－　上田惇生,ダイヤモンド社,2000-12-01,3740
4478300674,実践する経営者,ピ－タ－・ファ－ディナンド・ドラッカ－　上田惇生,ダイヤモンド社,2004-04-01,1030
4478320020,新訳経営者の役割,チェスタ－・ア－ヴィング・バ－ナ－ド　山本安次郎,ダイヤモンド社,1956-09-01,1850
4478320748,「新訳」創造する経営者,ピ－タ－・ファ－ディナンド・ドラッカ－　上田惇生,ダイヤモンド社,1995-03-01,1340
4478320780,「新訳」現代の経営(上),ピ－タ－・ファ－ディナンド・ドラッカ－　上田惇生,ダイヤモンド社,1996-01-01,3720
4478320799,「新訳」現代の経営(下),Ｐ．Ｆ．ドラッカ－　上田惇生,ダイヤモンド社,1996-02-01,2020
4478320853,「新訳」イノベ－ションと起業家精神(上),ピ－タ－・ファ－ディナンド・ドラッカ－　上田惇生,ダイヤモンド社,1997-11-01,750
4478320861,「新訳」イノベ－ションと起業家精神(下),ピ－タ－・ファ－ディナンド・ドラッカ－　上田惇生,ダイヤモンド社,1997-11-01,3270
4478320896,「新訳」産業人の未来,ピ－タ－・ファ－ディナンド・ドラッカ－　上田惇生,ダイヤモンド社,1998-06-01,1760
4478321094,「新訳」新しい現実,ピ－タ－・ファ－ディナンド・ドラッカ－　上田惇生,ダイヤモンド社,2004-01-01,440
447833093X,経営学１００年の思想,宮田矢八郎,ダイヤモンド社,2001-02-01,3520
4478331006,ホスピタリティがお客さまを引きつける,浦郷義朗,ダイヤモンド社,2003-07-01,2740
4478331014,戦略経営の発想法,木村剛,ダイヤモンド社,2004-03-01,2600
4478331022,経営の哲学,ピ－タ－・ファ－ディナンド・ドラッカ－　上田惇生,ダイヤモンド社,2003-07-01,800
4478331049,変革の哲学,ピ－タ－・ファ－ディナンド・ドラッカ－　上田惇生,ダイヤモンド社,2003-08-01,2880
4478331057,歴史の哲学,ピ－タ－・ファ－ディナンド・ドラッカ－　上田惇生,ダイヤモンド社,2003-10-01,3830
4478360383,リ－ダ－シップと倫理,ペンシルバニア大学ウォ－トン・スク－ル　フィナンシャル・タイムズ編集部,ダイヤモンド社,1999-01-01,1810
4478360391,組織行動と人的資源管理,ペンシルバニア大学ウォ－トン・スク－ル　ロンドン・ビジネススク－ル,ダイヤモンド社,1999-05-01,610
4478371520,競争の戦略[新訂],マイケル・Ｅ．ポ－タ－　土岐坤,ダイヤモンド社,1995-03-01,3530
4478371644,未来への決断,ピ－タ－・ファ－ディナンド・ドラッカ－　上田惇生,ダイヤモンド社,1995-09-01,3000
447837242X,ＭＢＡゲ－ム理論,グロ－ビス・マネジメント・インスティテュ　鈴木一功,ダイヤモンド社,1999-12-01,1170
4478372470,ゼネラル・マネジャ－の役割,ペンシルバニア大学ウォ－トン・スク－ル　フィナンシャル・タイムズ編集部,ダイヤモンド社,1998-06-01,4410
4478372519,経営戦略,ペンシルバニア大学ウォ－トン・スク－ル　フィナンシャル・タイムズ編集部,ダイヤモンド社,1998-11-01,2120
4478372632,明日を支配するもの,ピ－タ－・ファ－ディナンド・ドラッカ－　上田惇生,ダイヤモンド社,1999-03-01,1120
4478372691,オペレ－ション,ペンシルバニア大学ウォ－トン・スク－ル　ロンドン・ビジネススク－ル,ダイヤモンド社,2000-10-01,3230
4478372985,意思決定と情報,ペンシルバニア大学ウォ－トン・スク－ル　ロンドン・ビジネススク－ル,ダイヤモンド社,2000-04-01,2440
4478373078,価値最大化のマ－ケティング,酒井光雄,ダイヤモンド社,2000-09-01,1490
4478373590,競争戦略の経済学,ペンシルバニア大学ウォ－トン・スク－ル　ロンドン・ビジネススク－ル,ダイヤモンド社,2001-04-01,3870
4478373833,ＣＲＭ実践顧客戦略,ポ－ル・グリ－ンバ－グ　齊藤英孝,ダイヤモンド社,2001-10-01,1230
4478374074,ＭＢＡ人材マネジメント,グロ－ビス・マネジメント・インスティテュ,ダイヤモンド社,2002-07-01,1130
447837418X,価格戦略論,ヘルマン・ジモン　ロバ－ト・Ｊ．ド－ラン,ダイヤモンド社,2002-10-01,2970
4478374228,ザ・プロフィット,エイドリアン・Ｊ．スライウォツキ－　中川治子,ダイヤモンド社,2002-12-01,1090
4478374449,ＢＣＧ戦略コンセプト,水越豊,ダイヤモンド社,2003-11-01,4190
447837452X,企業戦略論(上（基本編）),ジェイ・Ｂ．バ－ニ－　岡田正大,ダイヤモンド社,2003-12-01,3540
4478374538,企業戦略論(中（事業戦略編）),ジェイ・Ｂ．バ－ニ－　岡田正大,ダイヤモンド社,2003-12-01,470
4478374546,企業戦略論(下（全社戦略編）),ジェイ・Ｂ．バ－ニ－　岡田正大,ダイヤモンド社,2003-12-01,2230
4478374562,バリュ－スペ－ス戦略,バンワリ・ミッタル　Ｊ．Ｎ．シェス,ダイヤモンド社,2004-02-01,1330
4478374570,重要顧客マネジメント,サリ－・シャ－マン　ジョセフ・スペリ,ダイヤモンド社,2004-03-01,1400
4478374619,マッキンゼ－経営の本質,マ－ビン・バウワ－　平野正雄,ダイヤモンド社,2004-03-01,2540
4478400296,マルチ・レベル・マ－ケティング（ＭＬＭ）,小林忠嗣,ダイヤモンド社,1984-12-01,2740
4478410232,マネジメント,ピ－タ－・ファ－ディナンド・ドラッカ－　上田惇生,ダイヤモンド社,2001-12-01,1020
4478410321,ＭＢＡ定量分析と意思決定,グロ－ビス・マネジメント・インスティテュ　嶋田毅,ダイヤモンド社,2003-09-01,2050
4478420408,ザ・ゴ－ル,エリヤフ・Ｍ．ゴ－ルドラット　三本木亮,ダイヤモンド社,2001-05-01,580
4478420416,ザ・ゴ－ル(2),エリヤフ・Ｍ．ゴ－ルドラット　三本木亮,ダイヤモンド社,2002-02-01,1190
4478420440,チェンジ・ザ・ル－ル！,エリヤフ・Ｍ．ゴ－ルドラット　三本木亮,ダイヤモンド社,2002-10-01,540
4478420459,クリティカルチェ－ン,エリヤフ・Ｍ．ゴ－ルドラット　三本木亮,ダイヤモンド社,2003-10-01,2320
4478470340,アカウンティング,ペンシルバニア大学ウォ－トン・スク－ル　フィナンシャル・タイムズ編集部,ダイヤモンド社,1998-07-01,600
4478470359,ファイナンス,ペンシルバニア大学ウォ－トン・スク－ル　フィナンシャル・タイムズ編集部,ダイヤモンド社,1998-09-01,4240
4478470693,ＭＢＡアカウンティング[新版],グロ－ビス・マネジメント・インスティテュ　西山茂,ダイヤモンド社,2004-02-01,2840
447850105X,個人回帰のマ－ケティング,スタン・ラップ　トマス・コリンズ,ダイヤモンド社,1992-11-01,2400
4478501165,マルチメディア時代のマ－ケティング革命,スタン・ラップ　トマス・コリンズ,ダイヤモンド社,1994-11-01,1550
447850119X,Ｏｎｅ　ｔｏ　ｏｎｅマ－ケティング,ドン・ペパ－ズ　マ－サ・ロジャ－ズ,ダイヤモンド社,1995-03-01,2690
4478501289,マ－ケティングのしくみ,梅沢昌太郎　ビッグペン,ダイヤモンド社,1996-09-01,1500
4478501491,Ｏｎｅ　ｔｏ　ｏｎｅ企業戦略,ドン・ペパ－ズ　マ－サ・ロジャ－ズ,ダイヤモンド社,1997-11-01,3770
4478501580,「顧客学習」のマ－ケティング,ダイヤモンド・ハ－バ－ド・ビジネス編集部,ダイヤモンド社,1998-10-01,3580
4478501599,個客識別マ－ケティング,ブライアン・Ｐ．ウルフ　中野雅司,ダイヤモンド社,1998-11-01,3690
4478501629,建設・不動産ビジネスのマ－ケティング戦略,織山和久,ダイヤモンド社,1999-02-01,3110
447850170X,Ｏｎｅ　ｔｏ　ｏｎｅマ－ケティングすべてがわかるＱ＆Ａ　１００,服部隆幸　渋野雅告,ダイヤモンド社,1999-10-01,3290
4478501823,Ｏｎｅ　ｔｏ　ｏｎｅマネジャ－,ドン・ペパ－ズ　マ－サ・ロジャ－ズ,ダイヤモンド社,2000-06-01,630
447850184X,〈図解〉わかる！マ－ケティング,ダイヤモンド社,ダイヤモンド社,2000-09-01,790
4478501882,マ－ケティング戦略論,ド－ン・イアコブッチ　奥村昭博,ダイヤモンド社,2001-07-01,2940
4478502056,シンプリシティ・マ－ケティング,スティ－ブン・Ｍ．クリストル　ピ－タ－・シ－レイ,ダイヤモンド社,2002-07-01,1770
4478502072,マ－ケティング・プロフェッショナリズム,山梨広一　福嶋俊造,ダイヤモンド社,2002-05-01,2620
4478502080,そのお客様をつなぎ止めろ！,服部隆幸　渋野雅告,ダイヤモンド社,2002-11-01,4280
4478502099,顧客資産のマネジメント,ロバ－ト・Ｃ．ブラットバ－グ　ゲイリ－・ゲッツ,ダイヤモンド社,2002-09-01,3070
447850217X,統合マ－ケティング戦略論,ド－ン・イアコブッチ　ボビ－・Ｊ．カルダ－,ダイヤモンド社,2003-10-01,4410
4478502242,「紫の牛」を売れ！,セス・ゴディン　門田美鈴,ダイヤモンド社,2004-02-01,3410
4478502277,経験価値マネジメント,バ－ンド・シュミット　嶋村和恵,ダイヤモンド社,2004-03-01,3770
4478783276,面接の達人(２００５　バイブル版),中谷彰宏,ダイヤモンド社,2003-10-01,1930
4478783284,面接の達人(２００５　電話のかけ方／手紙・),中谷彰宏,ダイヤモンド社,2003-10-01,1630
4478783292,面接の達人(２００５　自己分析・エントリ－),中谷彰宏,ダイヤモンド社,2003-10-01,4420
4478783306,面接の達人(２００５　問題集男子編),中谷彰宏,ダイヤモンド社,2003-10-01,2500
4478783314,面接の達人(２００５　問題集女子編),中谷彰宏,ダイヤモンド社,2003-10-01,4250
4479840583,「日本」という国,梅原猛　上田正昭,大和書房,2001-11-01,2720
447988033X,新しい女性の創造[改訂版],ベティ・フリ－ダン　三浦富美子,大和書房,2004-05-01,3660
4480059016,アリストテレス入門,山口義久,筑摩書房,2001-07-01,2610
4480818154,東大で上野千鶴子にケンカを学ぶ,遥洋子,筑摩書房,2000-01-01,1050
4480863117,発情装置,上野千鶴子,筑摩書房,1998-01-01,3280
4480863370,ザ・フェミニズム,上野千鶴子　小倉千加子,筑摩書房,2002-03-01,4060
4480863540,「非国民」のすすめ,斎藤貴男,筑摩書房,2004-04-01,1480
4484031051,大魔神（ジ－ニ－）が教えるマ－ケティングの極意,ジャック・トラウト　高遠裕子,阪急コミュニケ－ションズ,2003-08-01,3790
4484032252,役に立つＭＢＡ（エムビ－エ－）役に立たないＭＢＡ（エムビ－エ－）,小松俊明,阪急コミュニケ－ションズ,2003-12-01,3610
4486015096,コンピュ－タ・ア－キテクチャ入門,大薮多可志,東海大学出版会,2000-05-01,3270
4487761581,図説金枝篇,ジェ－ムズ・ジョ－ジ・フレ－ザ－　サビ－ヌ・マコ－マック,東京書籍,1994-10-01,710
4489006152,ＳＰＳＳ完全活用法共分散構造分析（Ａｍｏｓ）によるアンケ－ト処理,田部井明美,東京図書,2001-07-01,3130
4489006160,ＳＰＳＳによる統計処理の手順[第３版],石村貞夫,東京図書,2001-07-01,2770
4489006179,ＳＰＳＳによる多変量デ－タ解析の手順[第２版],石村貞夫,東京図書,2001-09-01,2380
4489006225,ＳＰＳＳによるカテゴリカルデ－タ分析の手順,石村貞夫,東京図書,2001-11-01,4090
4489006306,ＳＰＳＳによる分散分析と多重比較の手順[第２版],石村貞夫,東京図書,2002-04-01,410
4489006373,ＳＰＳＳでやさしく学ぶ統計解析[第２版],室淳子　石村貞夫,東京図書,2002-12-01,1090
4489006381,ＳＰＳＳでやさしく学ぶ多変量解析[第２版],室淳子　石村貞夫,東京図書,2002-09-01,4000
4489006527,ＣＤ－ＲＯＭ統計ソフトＳＰＳＳ　Ｓｔｕｄｅｎｔ　Ｖｅｒｓｉｏｎ　１１．０Ｊ,石村貞夫（１９４９－）,東京図書,2003-06-01,3550
448900673X,ＳＰＳＳによるリスク解析のための統計処理,石村貞夫　石村園子,東京図書,2004-04-01,2970
4489006756,ＳＰＳＳとＡｍｏｓによる心理・調査デ－タ解析,小塩真司,東京図書,2004-05-01,3920
4492041737,吾人の任務,堀義人,東洋経済新報社,2002-03-01,2110
4492089918,図解マ－ケティング・マネジメント,土井秀生,東洋経済新報社,2000-03-01,4310
4492091483,図解ｉモ－ド・マ－ケティング＆広告,ディ－ツ－コミュニケ－ションズ,東洋経済新報社,2001-10-01,3570
4492313222,マクロ経済学(１（入門篇）)[第２版],Ｎ．グレゴリ・マンキュ－　足立英之,東洋経済新報社,2003-04-01,430
4492313346,マクロ経済学(２（応用篇）)[第２版],Ｎ．グレゴリ・マンキュ－　足立英之,東洋経済新報社,2004-04-01,2600
4492501207,超顧客主義,片平秀貴　古川一郎,東洋経済新報社,2003-12-01,3070
4492520368,経営者の時代(上),アルフレッド・Ｄ．チャンドラ－，Ｊｒ．　鳥羽欽一郎,東洋経済新報社,1979-10-01,730
4492520376,経営者の時代(下),アルフレッド・Ｄ．チャンドラ－，Ｊｒ．　鳥羽欽一郎,東洋経済新報社,1979-11-01,1440
4492521135,マネジメントの世紀,スチュア－ト・クレイナ－　嶋口充輝,東洋経済新報社,2000-12-01,1630
4492521194,知識とイノベ－ション,一橋大学イノベ－ション研究センタ－,東洋経済新報社,2001-08-01,2670
4492531173,ＭＢＡエッセンシャルズ,内田学,東洋経済新報社,2001-06-01,2920
4492531491,ＭＢＡは本当に役に立つのか,ＭＢＡバリュエ－ション・プロジェクト,東洋経済新報社,2003-03-01,1840
4492553878,ＣＲＭ入門,グレン・Ｓ．ピ－タ－セン　匠英一,東洋経済新報社,2000-06-01,2770
4492554017,ＧＩＳ電子地図ビジネス入門,船木春仁　国土空間デ－タ基盤推進協議会,東洋経済新報社,2000-11-01,1020
4492554386,マ－ケティングのためのデ－タマイニング入門,エス・ピ－・エス・エス株式会社　杉田善弘,東洋経済新報社,2001-10-01,3390
4492554467,マ－ケティング・ゲ－ム,エリック・シュルツ　足立光,東洋経済新報社,2002-04-01,3460
4492554505,コンセプトは「安心」,谷口正和,東洋経済新報社,2002-08-01,4290
4492554696,クリティカル・シンキング,リチャ－ド・ポ－ル　リンダ・エルダ－,東洋経済新報社,2003-02-01,4410
4492554769,コトラ－のマ－ケティング・コンセプト,フィリップ・コトラ－　恩蔵直人,東洋経済新報社,2003-05-01,1020
4492554815,ＭＢＡエッセンシャルズマ－ケティング,バル－ク・ビジネス・コンサルティング　野沢誠治,東洋経済新報社,2003-07-01,4140
4492554823,ライブマ－ケティング,田中双葉　小野彩,東洋経済新報社,2003-07-01,2610
4492554904,価値ベ－スのマ－ケティング戦略論,ピ－タ－・ドイル　恩蔵直人,東洋経済新報社,2004-02-01,3230
4492555137,コトラ－のマ－ケティング思考法,フィリップ・コトラ－　フェルナンド・トリアス・デ・ベス,東洋経済新報社,2004-05-01,4060
4492652981,日本の資本市場,氏家純一,東洋経済新報社,2002-01-01,4100
4492761381,自動車リサイクル,寺西俊一　外川健一,東洋経済新報社,2004-03-01,4100
4495141937,財務会計論[３訂版],飯野利夫,同文館出版,1993-04-01,2080
4495180517,バランスト・スコアカ－ド,桜井通晴,同文館出版,2003-08-01,700
4495181319,減損会計がよくわかる本,村井敞,同文館出版,2004-01-01,1260
4495181416,ＭＢＡのための財務会計,小樽商科大学,同文館出版,2004-03-01,4370
4495335227,フォレット,三戸公　榎本世彦,同文館出版,1986-02-01,920
4495343815,バ－リ,正木久司　角野信夫,同文館出版,1989-04-01,2810
4495372610,ＭＢＡのためのケ－ス分析,小樽商科大学,同文館出版,2004-05-01,2930
4495554018,誰にでもカンタンに市場調査ができる本,指方一郎,同文館出版,2000-04-01,2450
4495556215,マ－ケティングがスラスラわかる本,佐々木宏,同文館出版,2001-03-01,3170
4495557610,誰にでもカンタンにアンケ－ト調査ができる本,指方一郎,同文館出版,2001-11-01,1010
4495632825,戦略的マ－ケティングの新展開[第２版],村松潤一,同文館出版,2002-05-01,3560
4495634712,マ－ケティング・コミュニケ－ション,柏木重秋,同文館出版,1998-04-01,4070
4495634925,マ－ケティング辞典[改訂版],岩本俊彦　宮沢永光,同文館出版,2003-06-01,4290
4495636219,日本企業のマス・マ－ケティング史,近藤文男　若林靖永,同文館出版,1999-10-01,2280
4495636529,サ－ビスとマ－ケティング[増補版],浅井慶三郎,同文館出版,2003-04-01,3690
4495637118,マ－ケティング入門Ｑ＆Ａ,宮原義友,同文館出版,2000-08-01,780
4495637312,利益重視のマ－ケティング・チャネル戦略,住谷宏,同文館出版,2000-09-01,3770
4495638211,マス・マ－ケティングの発展・革新,京都大学マ－ケティング研究会,同文館出版,2001-07-01,3210
4495638416,中堅・中小企業のマ－ケティング戦略,山本久義,同文館出版,2002-03-01,2880
4495638513,マ－ケティング戦略,マイケル・Ｒ．ツィンコ－タ　ＫｏｔａｂｅＭａｓａａｋｉ,同文館出版,2002-04-01,1650
4495638718,オルダ－スン理論の再検討,マ－ケティング史研究会,同文館出版,2002-07-01,3020
4495639013,マ－ケティングの変革,中田善啓,同文館出版,2002-10-01,4080
4495639218,戦略的マ－ケティングと経営理念,佐藤邦広,同文館出版,2003-04-01,2420
4495639617,顧客志向のマス・マ－ケティング,若林靖永,同文館出版,2003-09-01,2380
4495639714,顧客ロイヤルティの時代,嶋口充輝　内田和成,同文館出版,2004-03-01,3320
4495639919,マ－ケティング・マネジメントの理論と実践,鈴木健一　飯塚隆司,同文館出版,2004-06-01,2830
4496028905,レジャ－産業のマ－ケティング戦略,宇田川荘二,同友館,1999-08-01,1050
4496029723,インタ－ネット時代のダイレクトマ－ケティング活用法,酒井隆　内藤智子,同友館,2000-07-01,1280
4496030527,Ｂ－ｔｏ－Ｂインタ－ネットマ－ケティング,バリ－・シルバ－スタイン　日紫喜一史,同友館,2000-09-01,2910
4496031167,マ－ケティング戦略と診断[新版],井上崇通,同友館,2001-04-01,1150
4496031663,Ｅｘｃｅｌでできるデ－タマイニング演習,上田太一郎,同友館,2001-05-01,2590
4496033283,サ－ビス業のマ－ケティング,スティ－ブ・バロン　キム・ハリス,同友館,2002-11-01,1260
4496033801,マ－ケティング情報科学読本,マ－ケティング情報研究会,同友館,2002-07-01,3740
4496034786,インタ－ネットマ－ケティング・ハンドブック,杉山勝行,同友館,2003-04-01,3360
4496034883,Ｅｘｃｅｌでできるタグチメソッド解析法入門,広瀬健一　上田太一郎,同友館,2003-01-01,3050
4496036282,サ－ビス・マ－ケティングとマネジメント,白井義男,同友館,2003-09-01,2650
4496037041,中小企業の経営指標(平成１５年度調査),中小企業庁,中小企業診断協会,2004-05-01,4190
4496037068,中小企業の原価指標(平成１５年度調査),中小企業庁,中小企業診断協会,2004-05-01,3270
4501522402,つくる並列処理コンピュ－タ,小畑正貴,東京電機大学出版局,1995-03-01,1460
4501527307,新たな品質経営への挑戦[改訂],高林貞夫,東京電機大学出版局,1997-07-01,530
4501534702,学生のための入門Ｊａｖａ,中村隆一,東京電機大学出版局,2002-06-01,3880
450153480X,学生のための上達Ｊａｖａ,長谷川洋介,東京電機大学出版局,2002-06-01,4140
4502182737,ビジネス・アカウンティング,山根節,中央経済社,2001-05-01,1200
4502186503,環境会計,河野正男,中央経済社,2001-12-01,3830
4502240400,連結財務諸表の実務[第３版],朝日監査法人　ＫＰＭＧ,中央経済社,2003-11-01,2870
4502240907,減損会計と税務,太田達也,中央経済社,2003-12-01,2490
4502241407,アメリカの会計基準[第５版],山田昭広,中央経済社,2004-03-01,3680
4502242500,米国財務会計基準の実務,デロイトトウシュト－マツ,中央経済社,2004-04-01,4300
4502242802,詳解減損会計適用指針,財務会計基準機構　財務会計基準機構,中央経済社,2004-02-01,3350
450224290X,環境会計の理論と実態,勝山進,中央経済社,2004-03-01,1740
4502244104,連結会計入門[第３版],広瀬義州　太田正博,中央経済社,2004-05-01,3440
450235015X,マ－ケティング論の基礎,猿渡敏公,中央経済社,1999-03-01,3260
4502355755,マ－ケティング倫理,水尾順一,中央経済社,2000-10-01,3020
4502358428,サイバ－マ－ケティング,住谷宏　塚田朋子,中央経済社,2001-04-01,1830
450235970X,驚くほどマ－ケティングが身につく本,藤田憲一,中央経済社,2001-09-01,4040
4502361909,コ－ポレ－ト・ファイナンス,サイモン・ベニンガ　オデド・Ｈ．サリグ,中央経済社,2002-05-01,3290
4502362506,ＭＢＡ人材マネジメント,石田英夫,中央経済社,2002-05-01,4010
4502363103,マ－ケティング論[第２版],杉本達哉,中央経済社,2002-05-01,920
4502363502,マ－ケティングの原理,沢内隆志,中央経済社,2002-05-01,1060
4502364509,ビジネス・デ－タベ－ス・マ－ケティング,江尻弘,中央経済社,2002-07-01,980
4502365602,“日本発”ＭＢＡ戦略＆マネジメント(上（基礎編）),日本総合研究所（１９８９）　伊佐田文彦,中央経済社,2003-04-01,1440
4502368407,グロ－バルマ－ケティング戦略,堀出一郎　山田晃久,中央経済社,2003-05-01,3590
4502368601,１からのマ－ケティング[新版],石井淳蔵　神戸マ－ケティングテキスト編集委員会,碩学舎,2003-04-01,2640
4502369306,ＭＢＡのコ－ポレ－ト・ファイナンス,前田文彬,中央経済社,2003-06-01,990
4502369403,戦略と組織を考える,山根節,中央経済社,2003-06-01,1780
4502370207,マ－ケティング,建宮努　石崎信明,中央経済社,2003-10-01,3430
4502370304,アカウンティング,岡崎一浩　スチュア－ト・ブライソン,中央経済社,2003-11-01,2620
4502370401,国際ネゴシエ－ションと契約,藤井保紀　藤井啓吾,中央経済社,2003-10-01,4390
4502370509,経営戦略,佐久間賢　西藤輝,中央経済社,2003-11-01,3380
4502370606,ファイナンス,井上直樹　藤井保紀,中央経済社,2003-11-01,620
4502410543,小売業デ－タベ－ス・マ－ケティング,江尻弘,中央経済社,1998-07-01,2270
4502577707,ＭＢＡ留学サクセスガイド[第５版],中野正夫,中央経済社,2002-07-01,2900
4502579106,「日本版」ＭＢＡ取得サクセスガイド,森宏之,中央経済社,2002-08-01,1650
4502584606,ＭＢＡで即戦力になれる本,飯尾直実,中央経済社,2003-09-01,3160
450258830X,スモ－ルビジネス・マ－ケティング,岩崎邦彦,中央経済社,2004-05-01,1740
4502588504,文科系学生のための科学と技術「光と影」,手代木琢磨　勝田悟,中央経済社,2004-05-01,3620
4502644706,ＭＢＡ税務工学入門,マイロン・Ｓ．ショ－ルズ　坂林孝郎,中央経済社,2001-12-01,3010
4502920703,詳解日米租税条約,矢内一好,中央経済社,2004-04-01,1610
4526033588,顧客満足のテレマ－ケティング,多田正行,日刊工業新聞社,1993-07-01,1250
4526036560,顧客創造のためのマ－ケット分析法,マネジメント・ネットワ－ク,日刊工業新聞社,1995-02-01,2120
4526045268,顧客満足を超えるｏｎｅ　ｔｏ　ｏｎｅ　ＣＲＭ戦略,野村隆宏,日刊工業新聞社,2000-04-01,2510
4526047368,個客行動を予測する「デ－タマイニング」,佐藤雅春,日刊工業新聞社,2001-03-01,1500
4526049794,ＣＭＭＩモデルガイド,デニス・Ｍ．エイハ－ン　ア－ロン・クロ－ズ,日刊工業新聞社,2002-09-01,660
4526051535,実学自治体のための統合型ＧＩＳ,渡邉孝三,日刊工業新聞社,2003-07-01,1020
4526052795,トコトンやさしいＣＲＭの本,ニュ－ズウォッチ　藤田憲一,日刊工業新聞社,2004-04-01,3190
4526052914,ＲＦＩＤハンドブック[第２版],クラウス・フィンケンツェラ－　ソフト工学研究所,日刊工業新聞社,2004-05-01,3600
4532074754,統合マ－ケティング,嶋口充輝,日本経済新聞社,1986-07-01,2180
4532075025,現代の市場戦略,田村正紀,日本経済新聞社,1989-12-01,2080
4532132231,イノベ－ション・マネジメント入門,一橋大学イノベ－ション研究センタ－,日本経済新聞社,2001-12-01,2430
4532132657,経営戦略の論理[第３版],伊丹敬之,日本経済新聞社,2003-11-01,4390
4532132754,ケ－スブック経営戦略の論理,伊丹敬之　西野和美,日本経済新聞社,2004-04-01,1890
4532142792,顧客満足ってなあに？(続),佐藤知恭,日本経済新聞社,1994-04-01,4010
4532143756,「顧客満足」を超えるマ－ケティング,佐藤知恭,日本経済新聞社,1995-04-01,1430
4532148251,顧客ロイヤルティの経営,佐藤知恭,日本経済新聞社,2000-04-01,2320
4532148944,実践バランス・スコアカ－ド,柴山慎一,日本経済新聞社,2001-02-01,4320
453214938X,クチコミはこうしてつくられる,エマニュエル・ロ－ゼン　浜岡豊,日本経済新聞社,2002-01-01,2760
4532164214,成毛式実践マ－ケティング塾,成毛真　日経流通新聞編集部,日本経済新聞社,2002-06-01,2800
4532310857,カルロス・ゴ－ン経営を語る,カルロス・ゴ－ン　フィリップ・リエス,日本経済新聞社,2003-09-01,1540
4532311136,ＤＣＦ法による不動産鑑定評価の考え方と実践,久恒新,日本経済新聞社,2003-12-01,1760
4532311322,日経で学ぶ経営戦略の考え方,山根節　山田英夫,日本経済新聞社,2004-04-01,1790
4532350131,集客都市,橋爪紳也,日本経済新聞社,2002-10-01,1630
4532401887,Ｑ＆ＡでわかるＭＢＡ実践ビジネス問題集,相葉宏二　ソニ－・ヒュ－マンキャピタル株式会社,日本経済新聞社,2000-12-01,2370
4532402158,実践アンケ－ト調査入門,内田治　醍醐朝美,日本経済新聞社,2001-10-01,2850
453240228X,〈Ｑ＆Ａでわかる〉ＭＢＡのビジネスル－ル,相葉宏二　ソニ－・ヒュ－マンキャピタル株式会社,日本経済新聞社,2001-12-01,4210
4532402522,例解デ－タマイニング入門,内田治,日本経済新聞社,2002-10-01,2030
4532402573,Ｑ＆ＡでわかるＭＢＡハンドブック,鶴岡公幸,日本経済新聞社,2002-10-01,1660
453240259X,ビジネスゲ－ムで学ぶＭＢＡの経営[新版],相葉宏二　ソニ－・ヒュ－マンキャピタル株式会社,日本経済新聞社,2002-11-01,2210
4534031580,〈図解〉デ－タベ－スマ－ケティング,奥山真一郎,日本実業出版社,2000-11-01,2110
4534032501,業務別デ－タベ－ス設計のためのデ－タモデリング入門,渡辺幸三,日本実業出版社,2001-07-01,3140
4534035357,〈図解〉マ－ケティング[最新版],寺田信之介,日本実業出版社,2003-02-01,790
4534036035,マ－ケティングを学ぶ人のためのコトラ－入門,片山又一郎,日本実業出版社,2003-06-01,4100
4534036914,一目でわかる業界シェア＆市場規模(２００４年版),松井睦,日本実業出版社,2003-12-01,2150
4534037260,最新株式テ－マがわかる企業と業界地図,大和証券株式会社,日本実業出版社,2004-03-01,460
4534037562,ＳＱＬ早引き・活用事典,豊崎直也　Ｃ＆Ｒ研究所,日本実業出版社,2004-05-01,920
4535513309,〈ゼミナ－ル〉日本（にっぽん）のマス・メディア[第２版],春原昭彦　武市英雄,日本評論社,2004-05-01,3340
4535583404,共存（きょうぞん）のための技術,牧野雅彦,日本評論社,2002-09-01,2430
4535583900,メディア・リテラシ－,井上泰浩,日本評論社,2004-05-01,1610
453578373X,よくわかるネットワ－クのアルゴリズム,アラン・ド－ラン　ジョ－ン・オ－ルダス,日本評論社,2003-03-01,4150
4539718746,わかりやすい国際ビジネス課税Ｑ＆Ａ,三宅茂久,日本法令,2003-11-01,1850
4542172767,ＪＩＳハンドブック(環境ＩＳＯ　２００４),日本規格協会,日本規格協会,2004-01-01,3250
4542172848,ＪＩＳハンドブック(情報基本　２００４),日本規格協会,日本規格協会,2004-01-01,2640
4542203034,クォリティマネジメント用語辞典,吉沢正,日本規格協会,2004-05-01,1120
4542251160,ＩＳＯ　１４０００環境マネジメント便覧,吉沢正　茅陽一,日本規格協会,1999-09-01,4210
4542401987,製品認証の国際規格・ガイド集,日本規格協会,日本規格協会,2003-09-01,2170
4542701441,ＣＳＲ企業の社会的責任,日本規格協会,日本規格協会,2004-05-01,3520
4560018014,希望の原理(第１巻),エルンスト・ブロッホ　山下肇,白水社,1982-04-01,3410
4560023670,西洋哲学の知(1),フランソア・シャトレ,白水社,1998-06-01,1480
4561621377,非営利組織のマ－ケティング,三宅隆之,白桃書房,2003-07-01,4050
456163097X,アグロ・フ－ド・マ－ケティング,梅沢昌太郎,白桃書房,1999-05-01,1840
4561640843,基本マ－ケティング用語辞典,出牛正芳,白桃書房,1995-08-01,3310
4561651195,マ－ケティング流通戦略,梅沢昌太郎,白桃書房,2001-04-01,2690
4561651276,サ－ビス・マ－ケティング原理,クリストファ－・Ｈ．ラヴロック　ロ－レン・Ｋ．ライト,白桃書房,2002-07-01,4320
4561651306,マ－ケティング論１００の常識,山本久義,白桃書房,2003-05-01,1490
4561660933,解釈的マ－ケティング研究,武井寿,白桃書房,1997-04-01,990
4561660992,マ－ケティング・インタフェイス,石井淳蔵　石原武政,白桃書房,1998-05-01,3230
4561661050,マ－ケティング・ダイアログ,石井淳蔵　石原武政,白桃書房,1999-07-01,3710
4561661077,戦略的パ－ソナル・マ－ケティング,原田保,白桃書房,1999-10-01,3000
4561661298,リフレクティブ・フロ－,栗木契,白桃書房,2003-02-01,1440
4563014508,情報源符号化(無歪みデ－タ圧縮),情報理論とその応用学会,培風館,1998-12-01,3230
4569613659,マ－ケティングのノウハウ・ドゥハウ,野口吉昭　ＨＲ　Ｉｎｓｔｉｔｕｔｅ,ＰＨＰ研究所,2000-11-01,1700
4569615783,デ－タマイニングがマ－ケティングを変える！,ＳＡＳインスティチュ－トジャパン,ＰＨＰ研究所,2001-04-01,2570
456962281X,ＭＢＡ速習ハンドブック,内田学　バル－ク・ビジネス・コンサルティング,ＰＨＰ研究所,2002-07-01,1220
4569623948,ドラッカ－の実践経営哲学,望月護,ＰＨＰ研究所,2002-09-01,3640
4569625541,新・ビジネス思考,大前研一,ＰＨＰ研究所,2002-12-01,1900
456962555X,ベンチャリングの組織論,高木晴夫　慶応義塾大学ビジネス・スク－ル,ＰＨＰ研究所,2002-12-01,1360
4569626726,ＭＢＡマ－ケティング速習ブック,内田学　バル－ク・ビジネス・コンサルティング,ＰＨＰ研究所,2003-03-01,4130
4569626882,図解わかる！　ＭＢＡ,池上重輔　梅津祐良,ＰＨＰ研究所,2003-02-01,2210
4569627153,マ－ケティングの「なぜだ！」がわかる本,佐々木宏,ＰＨＰ研究所,2003-03-01,1080
4569627617,中国ビジネスのケ－ススタディ,吉田健司,ＰＨＰ研究所,2004-01-01,690
4569629563,図解わかる！　ＭＢＡマ－ケティング,グロ－バルタスクフォ－ス株式会社　池上重輔,ＰＨＰ研究所,2003-08-01,2270
4569629857,「業界別」「勝ち組」企業の選択力,三菱総合研究所,ＰＨＰ研究所,2003-09-01,1160
4569631800,図解業界のしくみ[最新版],西野武彦,ＰＨＰエディタ－ズ・グル－プ,2004-01-01,2440
4569631827,イノベ－ション・マネジメント,日本エル・シ－・エ－,ＰＨＰ研究所,2003-10-01,3110
4569633412,ＭＢＡ娘殺人事件,山本御稔,ＰＨＰエディタ－ズ・グル－プ,2004-02-01,2920
4569633692,心理マ－ケティングの技術,重田修治,ＰＨＰ研究所,2004-02-01,1300
456963415X,経理担当者のための減損会計,中央青山監査法人,ＰＨＰ研究所,2004-03-01,2290
4569634818,問題・課題を解決するためのＭＢＡ式戦略発想トレ－ニング,バル－ク・ビジネス・コンサルティング　伊東直哉,ＰＨＰ研究所,2004-05-01,1180
4571205848,社会心理学研究の技法,村田光二　山田一成,福村出版,2000-03-01,4210
4576021664,論理パラドクス,三浦俊彦,二見書房,2002-10-01,2330
4576030779,論理サバイバル,三浦俊彦,二見書房,2003-05-01,4110
4582472273,ラディカルに語れば…,上野千鶴子,平凡社,2001-10-01,2810
4582472281,フェミニズムの名著５０,江原由美子　金井淑子,平凡社,2002-07-01,2150
4582481159,生活技術の人類学,吉田集而,平凡社,1995-07-01,3340
4582705081,家族を容れるハコ家族を超えるハコ,上野千鶴子,平凡社,2002-11-01,2390
4582831214,呪の思想,白川静　梅原猛,平凡社,2002-09-01,1530
4584186499,新・遺言ノ－ト,井上治代,ベストセラ－ズ,2002-02-01,1980
4588006193,シンボル・技術・言語,エルンスト・カッシ－ラ－　篠木芳夫,法政大学出版局,1999-03-01,3780
4588007408,認識の分析,エルンスト・マッハ　広松渉,法政大学出版局,2002-05-01,2740
4588022202,米国のメディアと戦時検閲,マイケル・Ｓ．スウィ－ニィ　土屋礼子,法政大学出版局,2004-04-01,3240
4588672037,ＰＲ！,スチュア－ト・イ－ウェン　平野秀秋,法政大学出版局,2003-10-01,2540
4621041754,コンピュ－タア－キテクチャと論理設計(1),トマス・Ｃ．バ－ティ－　姫野俊一,丸善,1996-03-01,1790
4621047736,並列プログラミング入門,バリ・ウィルキンソン　マイケル・アレン,丸善,2000-08-01,3050
4621047833,コンピュ－タア－キテクチャ[第２版],富田真治,丸善,2000-09-01,1340
4621070983,映像コンテンツ産業論,菅谷実　中村清,丸善,2002-09-01,3810
4622019183,イデ－ン(38018),エトムント・フッセルル　立松弘孝,みすず書房,2001-10-01,920
4622019345,知覚の現象学(2),モリス・メルロ－・ポンティ　竹内芳郎,みすず書房,1981-02-01,3980
4622024624,実体概念と関数概念,エルンスト・カッシ－ラ－　山本義隆,みすず書房,1979-02-01,4200
4622031027,転向の思想史的研究,藤田省三,みすず書房,1997-06-01,3170
4622031035,現代史断章,藤田省三,みすず書房,1997-09-01,2090
4622031051,精神史的考察,藤田省三,みすず書房,1997-04-01,4140
4622031078,戦後精神の経験(1),藤田省三,みすず書房,1998-05-01,930
4622031086,戦後精神の経験(2),藤田省三,みすず書房,1998-10-01,1190
4622031094,「写真と社会」小史,藤田省三,みすず書房,1997-04-01,2370
4622031108,異端論断章,藤田省三,みすず書房,1997-07-01,870
4622040921,コペルニクス　天球回転論,ニコラウス・コペルニクス　高橋憲一,みすず書房,1993-12-01,970
4622049961,実践感覚(2)[新装],ピエ－ル・ブルデュ　今村仁司,みすず書房,2001-06-01,1210
462207091X,戦争とテレビ,ブル－ス・カミングス　渡辺将人,みすず書房,2004-05-01,1670
4622080311,磁力と重力の発見(１（古代・中世）),山本義隆,みすず書房,2003-05-01,1080
462208032X,磁力と重力の発見(２（ルネサンス）),山本義隆,みすず書房,2003-05-01,600
4622080338,磁力と重力の発見(３（近代の始まり）),山本義隆,みすず書房,2003-05-01,1340
4623023389,近代・組織・資本主義,佐藤俊樹,ミネルヴァ書房,1993-11-01,850
4623028623,現代マ－ケティング論,安部文彦　岩永忠康,ミネルヴァ書房,1998-05-01,1150
462303108X,ジェンダ－の心理学,青野篤子　森永康子,ミネルヴァ書房,1999-12-01,2800
4623032531,現代ビジネスの革新者たち,ダニエル・Ａ．レン　ロナルド・Ｇ．グリ－ンウッド,ミネルヴァ書房,2000-07-01,4290
4623034763,資料集男女共同参画社会,関哲夫,ミネルヴァ書房,2001-07-01,4270
4623035557,２１世紀のマ－ケティング戦略,近藤文男　陶山計介,ミネルヴァ書房,2001-12-01,3100
4623036189,叢書現代のメディアとジャ－ナリズム(第１巻),,ミネルヴァ書房,2003-10-01,2870
4623036634,時間の世界は不思議なことばかり,竹原弘,ミネルヴァ書房,2002-10-01,3290
4623038238,人の社会性とは何か,永田良昭,ミネルヴァ書房,2003-07-01,1850
4623039366,叢書現代のメディアとジャ－ナリズム(第６巻),,ミネルヴァ書房,2003-10-01,4390
4624010558,認識と関心[復刊],ユルゲン・ハ－バマス　奥山次良,未来社,2001-05-01,1660
4624010752,コミュニケイション的行為の理論(上),ユルゲン・ハ－バマス　河上倫逸,未来社,1985-10-01,4060
4624010809,コミュニケイション的行為の理論(中),ユルゲン・ハ－バマス　藤沢賢一郎,未来社,1986-06-01,990
4624010833,コミュニケイション的行為の理論(下),ユルゲン・ハ－バマス　丸山高司,未来社,1987-08-01,2490
4624011236,公共性の構造転換[第２版],ユルゲン・ハ－バマス　細谷貞雄,未来社,1994-05-01,3610
4624011627,事実性と妥当性(上),ユルゲン・ハ－バマス　河上倫逸,未来社,2002-11-01,2880
4624011635,事実性と妥当性(下),ユルゲン・ハ－バマス　河上倫逸,未来社,2003-05-01,2610
462747511X,ＧＩＳの応用,カロル・Ａ．ジョンストン　小山修平,森北出版,2003-01-01,4090
4627825617,マルチエ－ジェントと複雑系,生天目章,森北出版,1998-11-01,3090
4627836007,対話によるＣｏｍｍｏｎ　Ｌｉｓｐ入門,栗原正仁,森北出版,1993-10-01,1380
4641002150,社会学小辞典[新版],浜島朗,有斐閣,1997-01-01,1730
4641002169,現代政治学小辞典[新版],阿部斉　内田満,有斐閣,1999-06-01,860
4641027374,女性関連法デ－タブック,国際女性の地位協会,有斐閣,1998-10-01,2450
4641053820,マ－ケティング戦略,慶応義塾大学ビジネス・スク－ル　嶋口充輝,有斐閣,2004-05-01,1040
4641058725,社会心理学キ－ワ－ド,山岸俊男,有斐閣,2001-01-01,1940
4641059659,現代マ－ケティング[新版],嶋口充輝　石井淳蔵,有斐閣,1995-11-01,970
4641076170,女性のデ－タブック[第３版],井上輝子　江原由美子,有斐閣,1999-12-01,2610
4641086079,社会心理学,明田芳久,有斐閣,1994-04-01,2980
4641086311,組織の心理学[新版],田尾雅夫,有斐閣,1999-03-01,1090
4641086362,現代マ－ケティング論[新版],木綿良行　懸田豊,有斐閣,1999-06-01,3740
4641086494,社会学の理論,碓井,有斐閣,2000-05-01,3120
4641086788,マ－ケティング・マネジメント論,小坂恕,有斐閣,2002-09-01,2790
4641120412,クロニクル社会学,那須寿,有斐閣,1997-12-01,2960
4641121095,現代ニュ－ス論,大石裕　岩田温,有斐閣,2000-11-01,830
4641121168,権力から読みとく現代人の社会学・入門[増補版],藤田弘夫　西原和久,有斐閣,2000-11-01,3180
4641121249,現代の政党と選挙,川人貞史,有斐閣,2001-02-01,870
4641121419,女性学・男性学,伊藤公雄　樹村みのり,有斐閣,2002-01-01,2920
4641121559,国際化時代の地域経済学[改訂版],岡田知弘,有斐閣,2002-04-01,1910
4641121656,はじめて出会う政治学[新版],北山俊哉　真淵勝,有斐閣,2003-02-01,4100
4641121907,メディア文化論,吉見俊哉,有斐閣,2004-04-01,2170
464116049X,関係性マ－ケティングの構図,和田充夫,有斐閣,1998-11-01,3800
464116066X,マ－ケティング戦略論,上原征彦,有斐閣,1999-07-01,3610
4641160759,マ－ケティング情報革命,小川孔輔,有斐閣,1999-10-01,930
4641161097,マ－ケティング・パラダイム,嶋口充輝,有斐閣,2000-12-01,1750
4641161186,見えざる手の反逆,レスリ－・ハンナ　和田一夫,有斐閣,2001-06-01,2570
4641161453,マ－ケティング・ネットワ－ク論,陶山計介　宮崎昭,有斐閣,2002-03-01,3690
4641161836,ケ－スで学ぶ価格戦略・入門,上田隆穂,有斐閣,2003-05-01,480
4641161887,ネット・コミュニティのマ－ケティング戦略,池尾恭一,有斐閣,2003-08-01,3900
4641162026,ダイナミック戦略論,河合忠彦,有斐閣,2004-05-01,3370
4641181470,《普及学》講義 イノベ－ション時代の最新科学,宇野善康,有斐閣,1990-09-01,4140
4641182523,ヘ－ゲル「精神現象学」入門[新版],加藤尚武,有斐閣,1996-01-01,470
4641280460,ジャ－ナリズムの科学,門奈直樹,有斐閣,2001-03-01,700
4642037535,アイヌ民族史の研究,児島恭子,吉川弘文館,2003-02-01,3500
4657033069,マルチメディアと経済・社会,佐竹元一郎,早稲田大学出版部,2003-03-01,4030
4657038206,電子メディア文化の深層,伊藤守　小林宏一,早稲田大学出版部,2003-09-01,4040
4657039210,グロ－バル社会の情報論,伊藤守　西垣通,早稲田大学出版部,2004-01-01,4390
4657972065,スピノザの政治哲学,飯島昇蔵,早稲田大学出版部,1997-02-01,2960
4750311723,フェミニズム理論辞典,マギ－・ハム　木本喜美子,明石書店,1999-07-01,1770
4750312673,現代フェミニズム思想辞典,ソニア・アンダマ－ル　テリ－・ロヴェル,明石書店,2000-03-01,3570
4750313254,フェミニズム歴史事典,ジャネット・Ｋ．ボ－ルズ　ダイアン・ロング・ホ－ヴェラ－,明石書店,2000-08-01,2500
4750313823,叢書現代の経済・社会とジェンダ－(第２巻),竹中恵美子　久場嬉子,明石書店,2001-03-01,1650
4750314722,叢書現代の経済・社会とジェンダ－(第５巻),竹中恵美子　久場嬉子,明石書店,2001-10-01,2970
4750315060,叢書　現代の経済・社会とジェンダ－(第３巻),竹中恵美子　久場嬉子,明石書店,2001-12-01,1240
4750315281,Ｑ＆Ａで学ぶ　女性差別撤廃条約と選択議定書,米田眞澄　堀口悦子,明石書店,2002-02-01,760
4750315540,叢書現代の経済・社会とジェンダ－(第１巻),竹中恵美子　久場嬉子,明石書店,2002-03-01,2100
4750315761,Ｑ＆Ａ女性国際戦犯法廷,「戦争と女性への暴力」日本ネットワ－ク,明石書店,2002-05-01,1790
4750316776,ジェンダ－白書(1),北九州市立男女共同参画センタ－,明石書店,2003-01-01,670
475031692X,ジェンダ－で読む健康／セクシュアリティ,根村直美,明石書店,2003-02-01,3420
4750318868,ジェンダ－白書(2),北九州市立男女共同参画センタ－,明石書店,2004-03-01,4470
4753102246,帝国,アントニオ・ネグリ　マイケル・ハ－ト,以文社,2003-01-01,3440
4753102297,純粋理性批判(上),イマ－ヌエル・カント　宇都宮芳明,以文社,2004-04-01,2970
4753102300,純粋理性批判(下),イマ－ヌエル・カント　宇都宮芳明,以文社,2004-04-01,2100
4753102327,判断力批判(上)[新装版],イマ－ヌエル・カント　宇都宮芳明,以文社,2004-04-01,1640
4753102335,判断力批判(下)[新装版],イマ－ヌエル・カント　宇都宮芳明,以文社,2004-04-01,2110
4754710738,回答事例による資産税質疑応答集(平成１６年版),北本高男　庄司範秋,大蔵財務協会,2004-02-01,3520
4754710770,国税通則法精解(平成１６年改訂),志場喜徳郎　志場喜徳郎,大蔵財務協会,2004-02-01,1780
4754710819,所得税重要項目詳解(平成１６年版),小田満,大蔵財務協会,2004-03-01,980
4755401305,「男女共同参画」が問いかけるもの,伊藤公雄,インパクト出版会,2003-08-01,750
4756102107,コ－ドコンプリ－ト,スティ－ヴ・マコネル　石川勝,アスキ－,1994-08-01,3340
4756102131,はじめて読む４８６,蒲地輝尚,アスキ－,1994-10-01,850
4756107834,Ｌｉｆｅ　ｗｉｔｈ　ＵＮＩＸ,ドン・ライブ　サンデ－・レスラ,アスキ－,1990-07-01,3850
4756111068,Ｗｉｎ３２　ＡＰＩオフィシャルリファレンス[改訂版],アスキ－,アスキ－,1997-07-01,4060
4756118089,Ｅｆｆｅｃｔｉｖｅ　Ｃ＋＋[改訂２版],スコット・マイア－ズ　吉川邦夫,アスキ－,1998-05-01,3120
475611895X,プログラミング言語Ｃ＋＋[第３版],ビャ－ン・ストラウストラップ　長尾高弘,ピアソンエデュケ－ション,1998-11-01,2790
4756120474,標準ＳＱＬガイド[改訂第４版],Ｃ．Ｊ．デイト　ヒュ－・ダ－ウェン,アスキ－,1999-01-01,2690
4756131573,公式Ｗｉｎ３２ＡＰＩリファレンス〈Ｖｏｌｕｍｅ３〉分散処理・Ｗｉｎｄｏｗｓ２０００システム編,,アスキー,1999-08-01,1680
4756132375,公式Ｗｉｎ３２　ＡＰＩリファレンス〈Ｖｏｌｕｍｅ　４〉ＵＮＩＣＯＤＥ，ＳＥＴＵＰ　ＡＰＩ編,,アスキー,1999-10-01,2950
4756132960,Ｄｒ．ＪａｍｓａのＪａｖａ超入門,クリス・ジャムサ　デジタルアドバンテ－ジ,アスキ－,1999-12-01,3080
4756134130,ＧＮＵ　Ｅｍａｃｓマニュアル２０．６,リチャ－ド・スト－ルマン　赤池英夫,アスキ－,2000-05-01,630
4756134149,Ｅｍａｃｓ　Ｌｉｓｐリファレンスマニュアル,ビル・ル－イス　大木敦雄,アスキ－,2000-04-01,3890
4756134416,Ｇｅｎｅｒｉｃ　ｐｒｏｇｒａｍｍｉｎｇ,マテウ・Ｈ．オウステルン　柏原正三,アスキ－,2000-06-01,930
4756137482,Ｗｉｎ　３２　ＡＰＩオフィシャルリファレンス(グラフィック／ＧＵＩ編)[改訂３版],アスキ－,アスキ－,2001-04-01,1550
4756139019,ＮＦＳバイブル,ブレント・カラハン　クイ－プ,アスキ－,2001-10-01,3570
4756139264,プログラミング言語Ｌｉｓｐ入門からマルチメディアまで,石丸清登,アスキ－,2001-10-01,4360
4756140017,ｑｍａｉｌメ－ルサ－バの構築,リチャ－ド・ブルム　コスモ・プラネット,アスキ－,2002-01-01,730
4756140068,Ｃ＋＋　ｐｒｉｍｅｒ[改訂３版],スタンリ・Ｂ．リップマン　ジョ－ジ－・ラジョワ－ル,アスキ－,2002-01-01,790
4756140076,Ｃ＋＋　ｐｒｉｍｅｒアンサ－ブック,クロヴィス・Ｌ．トンド　ブル－ス・Ｐ．レオン,アスキ－,2002-01-01,710
4756142036,入門Ｊａｖａ,田口景介,アスキ－,2002-12-01,1720
4756142044,実践Ｊａｖａ,ａｒｔｏｎ　宇野るいも,アスキ－,2002-12-01,2360
4756142079,Ｊａｖａ　２プログラミング講座,アスキ－,アスキ－,2002-12-01,1760
4756142524,Ｊａｖａを独習する前に読む本,青木峰郎,アスキ－,2003-03-01,1410
4756142788,電子メ－ルシステムとｓｅｎｄｍａｉｌ,榊正憲,アスキ－,2003-04-01,790
4756143253,標準Ｅｃｌｉｐｓｅ,ＯＳＰＧ　Ｅｃｌｉｐｓｅ　ＳＩＧ,アスキ－,2003-08-01,2290
4756143415,ベテラン講師が教えるＪａｖａプログラミング入門セミナ－,テンア－トニ,アスキ－,2003-09-01,3650
4756143466,４．４　ＢＳＤの設計と実装,マ－シャル・カ－ク・マキュ－ジック　砂原秀樹,アスキ－,2003-10-01,3800
475614361X,ワザあり！逆引き速引きリファレンスＪａｖａ,福龍興業　ＷＩＮＧＳプロジェクト,アスキ－,2003-10-01,3760
4756144152,デ－モン君のソ－ス探検,氷山素子,アスキ－,2004-02-01,1200
4756144276,コンピュ－タの仕組み(ハ－ドウェア編　上巻),榊正憲,アスキ－,2004-03-01,1960
4756144284,コンピュ－タの仕組み(ハ－ドウェア編　下巻),榊正憲,アスキ－,2004-03-01,1540
4756144519,Ｌｉｎｕｘのブ－トプロセスをみる,白崎博生,アスキ－,2004-03-01,4130
4757121148,オンライン・コミュニティがビジネスを変える,村本理恵子　菊川曉,ＮＴＴ出版,2003-06-01,3440
4757300808,ＭＢＡで学べる技術,八ツ井博樹,インデックス・コミュニケ－ションズ,2001-01-01,670
4757301111,ＭＢＡ　ｅビジネス,八ツ井博樹,インデックス・コミュニケ－ションズ,2002-05-01,1660
475730210X,図解流通情報革命の切り札「ＩＣタグ」がよくわかる,石井宏一,インデックス・コミュニケ－ションズ,2004-02-01,1020
4760110267,大衆の国民化,ゲオルゲ・Ｌ．モッセ　佐藤卓己,柏書房,1994-02-01,790
4760111190,敵の顔,サム・キ－ン　佐藤卓己,柏書房,1994-10-01,3890
4760112324,ナショナリティの脱構築,酒井直樹,柏書房,1996-02-01,1840
4760117318,日本浪曼派（ろうまんは）とナショナリズム,ケヴィン・マイケル・ド－ク　小林宜子,柏書房,1999-04-01,4060
4760123881,共産主義後の世界,ロバ－ト・スキデルスキ－　本田毅彦,柏書房,2003-06-01,810
4760123997,戦後世論のメディア社会学,佐藤卓己,柏書房,2003-07-01,3590
4761007109,ジェンダ－のレンズ,サンドラ・リップシッツ・ベム　福富護,川島書店,1999-11-01,2620
4761257431,〈実践〉マ－ケティング,竹内裕明,かんき出版,1998-10-01,2470
4761258349,毎日お客が来たくなるマ－ケティング実践術,小阪裕司,かんき出版,2000-01-01,1050
476125937X,すぐわかる！ＣＲＭ,熊谷直樹,かんき出版,2001-08-01,2820
4761259493,「最小単位」の市場戦略,谷口正和,かんき出版,2001-07-01,4460
4761260165,顧客に選ばれるＥメ－ルマ－ケティング,鶴本浩司,かんき出版,2002-06-01,3430
4761261730,マ－ケティング戦略策定シナリオ,ＨＲ　Ｉｎｓｔｉｔｕｔｅ　野口吉昭,かんき出版,2004-05-01,1120
4762006424,現場からみたマスコミ学[改訂版],天野勝文,学文社,1996-04-01,3860
476200670X,現場からみたマスコミ学(2),天野勝文,学文社,1996-09-01,430
4762007978,メディア・コミュニケ－ションの理論,水野博介,学文社,1998-04-01,1330
4762008176,メディアの議題設定機能,竹下俊郎,学文社,1998-09-01,730
4762009253,国際マ－ケティング戦略,熊田喜三男　折笠和文,学文社,2000-03-01,1890
4762010146,放送メディアの送り手研究[増補版],美ノ谷和成,学文社,2001-03-01,4480
4762012521,現代メディア社会の諸相,広瀬英彦　岡田直之,学文社,2003-04-01,4160
4762013250,概説・マス・コミュニケ－ション,早川善治郎,学文社,2004-04-01,1720
476222992X,対流圏大気の化学と地球環境,秋元肇,学会出版センタ－,2002-04-01,1530
476282075X,ソシオン理論のコア,藤沢等,北大路書房,1997-04-01,1050
4762820970,複合システム・ネットワ－ク論,藤沢等,北大路書房,1997-09-01,3700
4762821187,「関係科学」への道,藤沢等,北大路書房,1998-07-01,4050
4762821977,シリ－ズ２１世紀の社会心理学(7),高木修,北大路書房,2000-11-01,1540
4762822167,シリ－ズ２１世紀の社会心理学(6),高木修,北大路書房,2001-04-01,1680
4762822183,シリ－ズ２１世紀の社会心理学(5),高木修,北大路書房,2001-06-01,3840
4762822302,常識の社会心理,卜部敬康　林理,北大路書房,2002-02-01,4340
4762822663,説得心理学ハンドブック,深田博己,北大路書房,2002-09-01,730
4762823678,女性とジェンダ－の心理学ハンドブック,ロ－ダ・Ｋ．アンガ－　森永康子,北大路書房,2004-03-01,1990
4764900378,ソフトウェアの信頼性,グレンフォ－ド・Ｊ．マイヤ－ズ　有沢誠,近代科学社,1977-10-01,3590
4764900599,ソフトウェア・テストの技法,グレンフォ－ド・Ｊ．マイヤ－ズ　松尾正信,近代科学社,1980-03-01,420
4764901242,ソフトウェア構造化技法,ジェ－ムズ・マ－ティン　カ－マ・マクル－ア,近代科学社,1986-11-01,2910
4764901331,品質と生産性を重視したソフトウェア開発プロジェクト技法,トム・デマルコ　渡辺純一,近代科学社,1987-06-01,3120
4764901889,コンパイラ構成論,ロビン・ハンタ－　安村通晃,近代科学社,1991-12-01,1760
4764902222,アルゴリズムＣ＋＋,ロバ－ト・セジウィック　野下浩平,近代科学社,1994-07-01,4210
4764902451,アルゴリズムイントロダクション(第１巻),トマス・Ｈ．コルメン　浅野哲夫,近代科学社,1995-12-01,1690
476490246X,アルゴリズムイントロダクション(第２巻),トマス・Ｈ．コルメン　浅野哲夫,近代科学社,1995-12-01,4470
4764902478,アルゴリズムイントロダクション〈第３巻〉／精選トピックス,,近代科学社,1995-12-01,1870
476490294X,例題で学ぶＪａｖａ言語,加藤暢　溝渕昭二,近代科学社,2002-10-01,4280
4764903008,Ｊａｖａによるインタ－ネットプログラミング,下村隆夫,近代科学社,2002-04-01,3390
4764903040,コンピュ－タア－キテクチャの基礎[改訂新版],柴山潔,近代科学社,2003-04-01,770
4765007057,はじめてのテレマ－ケティング,鈴木伊佐男,近代セ－ルス社,2000-04-01,2320
476581517X,マ－ケティング・フィロソフィ－,村田昭治,国元書房,1996-03-01,1440
4766406931,コミュニケ－ション研究,大石裕,慶応義塾大学出版会,1998-04-01,1730
4766410181,コミュニケ－ションの政治学,鶴木真,慶応義塾大学出版会,2003-10-01,3320
4766410270,「教養」を考える,慶應義塾大学教養研究センタ－,慶應義塾大学教養研究センタ－,2003-09-01,2200
4766781694,クライシス・マ－ケティング,ジョ－・マ－コニ　斎藤聖美,経済界,1998-11-01,1880
4767304741,マ－ケティング戦略〈ここがポイント〉,福田稔,経林書房,1994-09-01,2170
4767420261,研究社新和英大辞典[第５版],渡邉敏郎　エドムンド・Ｒ．スクリプチャック,研究社,2003-07-01,2150
4768468454,ジェンダ－の語られ方、メディアのつくられ方,諸橋泰樹,現代書館,2002-12-01,4290
4768479073,シティズンシップの政治学,岡野八代,白澤社,2003-12-01,810
4769204019,コンピュ－タ設計概論,藤原秀雄,工学図書,1998-10-01,1970
4769371233,図解エコマテリアルのすべて,環境材料研究会,工業調査会,2003-11-01,1590
4769908970,象徴的支配の社会学,ブルデュ－社会学研究会,恒星社厚生閣,1999-07-01,3500
4769909942,社会学的冒険,ディルク・ケスラ－　山本鎮雄,恒星社厚生閣,2003-12-01,4190
4771011850,環境とマ－ケティング,大須賀明,晃洋書房,2000-06-01,4470
4771012016,時間と対話的原理,側瀬登,晃洋書房,2000-11-01,2640
4771014396,現実をみつめる道徳哲学,ジェ－ムズ・レイチェルズ　古牧徳生,晃洋書房,2003-05-01,2300
4771015090,マ－ケティングのエッセンス,足立勝彦,晃洋書房,2004-02-01,4420
4771015201,現代文化テクスチュア,大越愛子　清真人,晃洋書房,2004-02-01,4260
477101552X,現代のマ－ケティング・マネジメント,太田一樹,晃洋書房,2004-05-01,4320
4771487049,倫理学[改訂版],川田熊太郎,公論社（渋谷）,1987-11-01,3240
4772001697,ヘ－ゲル読解入門,アレクサンドル・コジェ－ヴ　上妻精,国文社,1987-10-01,2980
4772210407,新しい地理情報技術,久保幸夫,古今書院,1996-04-01,2520
4772210555,インタ－ネットＧＩＳ,ブランドン・プリュ－　岡部篤行,古今書院,2001-06-01,1660
4772215743,フォトショップによる衛星画像解析の基礎,田中邦一,古今書院,2003-09-01,3560
4772230092,考古学のためのＧＩＳ入門,金田明大　津村宏臣,古今書院,2001-08-01,1730
4772240233,ＧＩＳ－地理学への貢献,高阪宏行　村山祐司,古今書院,2001-02-01,1740
4772240519,ＭＡＮＤＡＲＡとＥＸＣＥＬによる市民のためのＧＩＳ講座,後藤真太郎,古今書院,2004-04-01,1290
4772703942,天皇の玉音放送,小森陽一,五月書房,2003-08-01,1640
4774110787,ＤＳＰ　Ｃプログラミング入門,瀬谷啓介,技術評論社,2000-10-01,4360
4774112259,Ｊａｖａ　５００の技,Ｗｉｎｄｏｗｓプログラミング愛好会,技術評論社,2001-06-01,1880
4774112720,はじめてのＳＱＬ[改訂新版],萌木尨,技術評論社,2001-09-01,3070
477411281X,Ｊａｖａ本格入門,佐々木整,技術評論社,2001-09-01,3650
4774113484,Ｊａｖａグラフィクス完全制覇,芹沢浩,技術評論社,2002-01-01,1580
4774113611,Ｊａｖａ謎＋落とし穴徹底解明,前橋和弥,技術評論社,2002-01-01,3800
477411393X,Ｍａｃ　ＯＳ　１０タ－ミナルコマンドポケットリファレンス,海上忍,技術評論社,2002-02-01,2610
4774114421,８０８６マクロアセンブラ入門,伊原充博　小林弘幸,技術評論社,2002-04-01,2450
4774114626,はじめてのＪａｖａ完全入門,柏原正三,技術評論社,2002-05-01,2390
4774114901,Ｊａｖａ開発者のためのアンチデザインパタ－ン,安藤利和,技術評論社,2002-07-01,800
4774115029,ＪＡＶＡ(基礎),横田一輝,技術評論社,2002-07-01,3180
4774115169,ＭｙＳＱＬ徹底攻略ガイド,志村伸弘,技術評論社,2002-08-01,1720
4774115487,スピ－ドマスタ－Ｆｌａｓｈ　ＭＸ,インフォメディア,技術評論社,2002-09-01,2030
4774115517,Ｊａｖａ　ＧＵＩコンポ－ネント完全制覇,柏原正三,技術評論社,2002-09-01,2130
4774115541,極めるＭａｃ　ＯＳ　１０（テン）,新居雅行,技術評論社,2002-09-01,4360
4774116327,Ｊａｖａアルゴリズム＋デ－タ構造完全制覇,オングス　杉山貴章,技術評論社,2002-12-01,1280
4774116823,新ｔｈｅ　ＵＮＩＸ　ｓｕｐｅｒ　ｔｅｘｔ(上),中村敦司　山口和紀,技術評論社,2003-03-01,2940
4774116831,新ｔｈｅ　ＵＮＩＸ　ｓｕｐｅｒ　ｔｅｘｔ(下),中村敦司　山口和紀,技術評論社,2003-03-01,2500
4774116920,初体験（はつたいけん）Ｊａｖａ[改訂新版],丸の内とら,技術評論社,2003-04-01,2570
4774116963,ひとりでできるＪａｖａ実践入門,柏原正三,技術評論社,2003-04-01,3450
4774117382,Ｒｏｂｏｃｏｄｅ　ｂｉｂｌｅ最強ロボットへの道,日本アイ・ビ－・エム株式会社東京基礎研究,技術評論社,2003-06-01,3960
4774117757,Ｊａｖａクラスがわかれば見えてくる,日向俊二,技術評論社,2003-08-01,1270
4774118257,いますぐ導入！　ＰＨＰ（ピ－エッチピ－）＋ＭｙＳＱＬで作る最速Ｗｅｂシステム,星野努,技術評論社,2003-10-01,2890
4774118834,Ｊａｖａスタ－トブック,高田美樹,技術評論社,2003-12-01,1880
4774119466,例題３０＋演習問題７０でしっかり学ぶＪａｖａ標準テキスト,安藤明之　米岡学,技術評論社,2004-02-01,3900
4774119709,初歩のＵＭＬモデリング,萩本順三,技術評論社,2004-03-01,1770
4774120006,Ａｐａｃｈｅ　Ａｎｔ,関口宏司,技術評論社,2004-04-01,3980
4774120022,本格学習Ｊａｖａ入門,佐々木整,技術評論社,2004-04-01,1970
4774120103,Ｍａｃ　ＯＳ　１０（テン）　ｖ１０．３　Ｐａｎｔｈｅｒ実践活用ブック,掌田津耶乃,技術評論社,2004-05-01,2740
4775301799,Ｊａｖａプログラムチップスグラフィックス＆　ＧＵＩ,高田美樹,新紀元社,2003-08-01,4140
4777510050,オペレ－ティング・システムの基礎,赤間世紀,工学社,2003-11-01,3510
4781902790,アルゴリズムの設計と解析(1),アルフレッド・Ｖ．エイホ　野崎昭弘,サイエンス社,1977-10-01,1360
4781902804,アルゴリズムの設計と解析(2),アルフレッド・Ｖ．エイホ　野崎昭弘,サイエンス社,1977-10-01,3690
4781903037,基本算法(情報構造),ドナルド・Ｅ．クヌ－ス　米田信夫,サイエンス社,1978-04-01,1900
4781905854,コンパイラ(1),アルフレッド・Ｖ．エイホ　原田賢一,サイエンス社,1990-01-01,3280
4781905862,コンパイラ(2),アルフレッド・Ｖ．エイホ　原田賢一,サイエンス社,1990-01-01,4070
478190839X,Ｊａｖａプログラミングインタフェ－ス総説,日本サン・マイクロシステムズ株式会社,サイエンス社,1997-04-01,3130
4781908403,うわさが走る,川上善郎,サイエンス社,1997-05-01,1350
4781908608,オペレ－ティングシステムの基礎,大久保英嗣,サイエンス社,1997-12-01,2040
4781909604,ＪａｖａプログラミングＪＤＢＣ[第２版],日本サン・マイクロシステムズ株式会社,サイエンス社,2000-07-01,1920
478191005X,ステレオタイプの社会心理学,上瀬由美子,サイエンス社,2002-02-01,1040
4782303106,現代マ－ケティングの構図,片桐誠士　高宮城朝則,嵯峨野書院,2000-07-01,3240
4782531060,環境の仕事大研究,エコビジネスネットワ－ク,産学社,2003-12-01,520
4782531095,たかがＭＢＡされどＭＢＡ,ＭＢＡキャリア研究所　奥村昭博,産学社,2004-04-01,1550
4782800223,名指しと必然性,サウル・Ａ・クリプキ　八木沢敬,産業図書,1985-04-01,4490
4782800746,超越論哲学と分析哲学,ディ－タ－・ヘンリヒ　竹市明宏,産業図書,1992-11-01,3160
4782851235,ビジョン,デビッド・マ－　乾敏郎,産業図書,1987-10-01,3870
478285353X,現代暗号,岡本竜明　山本博資,産業図書,1997-06-01,1750
4783502269,里山と人の履歴,犬井正,新思索社,2002-05-01,880
4783511780,社会学への招待[新装版],ピ－タ－・Ｌ．バ－ガ－　水野節夫,新思索社,1995-12-01,1940
4783511829,通過儀礼[新装版],アルノルド・ヴァン・ジェネップ　秋山さと子,新思索社,1999-02-01,740
4784514341,「報道加害」の現場を歩く,浅野健一,社会評論社,2003-12-01,3080
4785501685,ホスピタリティ,力石寛夫,商業界,1997-11-01,4370
4785502509,ホスピタリティ(続),力石寛夫,商業界,2004-05-01,2310
4785620307,コンパイラ,辻野嘉宏,昭晃堂,1996-08-01,4230
4785620501,コンパイラ,湯浅太一,昭晃堂,2001-06-01,1380
4785630027,基礎情報理論,藤田広一,昭晃堂,1969-00-01,1730
4785631120,最適化アルゴリズム,長尾智晴,昭晃堂,2000-05-01,3690
4786901695,丹下健三,丹下健三　藤森照信,新建築社,2002-09-01,4290
4787231642,ポスト・ジェンダ－の社会理論,土場学,青弓社,1999-10-01,3950
4787231669,メディア空間の変容と多文化社会,吉見俊哉,青弓社,1999-12-01,550
478723191X,総力戦と女性兵士,佐々木陽子,青弓社,2001-10-01,750
4787231944,「世間」の現象学,佐藤直樹,青弓社,2001-12-01,1610
4787231960,世間学への招待,阿部謹也,青弓社,2002-01-01,4480
4787231979,一九三〇年代のメディアと身体,吉見俊哉,青弓社,2002-03-01,4290
4787232207,映画の政治学,長谷正人　中村秀之,青弓社,2003-09-01,4050
4787232290,兵役拒否,佐々木陽子,青弓社,2004-04-01,3250
4788206307,「資本の部」の実務[新版],中東正文（１９６５－）,新日本法規出版,2004-03-01,2050
4788500914,聖なる天蓋,ピ－タ－・Ｌ．バ－ガ－　薗田稔,新曜社,1979-07-01,3260
4788506114,フェミニズム,江原由美子　金井淑子,新曜社,1997-09-01,1490
4788506408,世論調査で社会が読めるか,平松貞実,新曜社,1998-04-01,1360
4788506661,癒しとしての笑い,ピ－タ－・Ｌ．バ－ガ－　森下伸也,新曜社,1999-04-01,3000
4788506904,批判的エスノメソドロジ－の語り,好井裕明,新曜社,1999-09-01,2860
4788507358,少子化時代のジェンダ－と母親意識,目黒依子　矢沢澄子,新曜社,2000-10-01,1610
4788508192,〈民主〉と〈愛国〉,小熊英二,新曜社,2002-10-01,2520
4788508877,戦争が遺したもの,鶴見俊輔　上野千鶴子,新曜社,2004-03-01,2860
4789010708,なぜこの色が売れるのか,ミミ・ク－パ－　ア－リ－ン・マシュ－ズ,ジャパンタイムズ,2001-10-01,3520
4789223825,不動産評価の法律実務[新版],沢野順彦,住宅新報社,2003-07-01,1700
4789300048,聞き取りの技法,福岡安則,創土社,2000-12-01,1120
4789833526,ＤＳＰ処理のノウハウ,西村芳一,ＣＱ出版,2000-05-01,1110
4790707504,社会問題の社会学,中河伸俊,世界思想社,1999-04-01,3290
4790708020,ジェンダ－学を学ぶ人のために,日本ジェンダ－学会　富士谷あつ子,世界思想社,2000-04-01,2240
4790709795,クイズ文化の社会学,石田佐恵子　小川博司,世界思想社,2003-03-01,3120
4790710297,シカゴ学派の社会学,中野正大　宝月誠,世界思想社,2003-11-01,2630
4790710432,社会学的フィ－ルドワ－ク,好井裕明　三浦耕吉郎,世界思想社,2004-03-01,2470
4790710572,メディア社会の歩き方,柳澤伸司,世界思想社,2004-05-01,3040
4790710599,メディア文化を読み解く技法,阿部潔　難波功士,世界思想社,2004-06-01,2190
4791756088,ナショナリズムとジェンダ－,上野千鶴子,青土社,1998-03-01,1640
4791760085,監視社会,デ－ヴィド・ライアン　河村一郎,青土社,2002-11-01,2510
4791761081,気候変動,ディンヤル・ゴドレ－ジュ　戸田清,青土社,2004-05-01,1480
4792331498,客観報道,鶴木真,成文堂,1999-05-01,4470
4792341817,経済学へのアプロ－チ[第２版],石橋春男,成文堂,2002-05-01,830
4792391164,女と男の共同論,山中進,成文堂,2003-03-01,4350
4793002110,主観マ－ケティング,清野裕司,泉文堂,2001-04-01,760
4793112382,法人税通達集(平成１４年１１月１５日現在),税務研究会,税務研究会,2003-01-01,3750
4793113389,法人税基本通達逐条解説[３訂版],奥田芳彦,税務研究会,2004-06-01,3430
4794209851,ミ－ム・マシ－ンとしての私(上),ス－ザン・ブラックモア　垂水雄二,草思社,2000-07-01,3550
479420986X,ミ－ム・マシ－ンとしての私(下),ス－ザン・ブラックモア　垂水雄二,草思社,2000-07-01,550
4794421222,現代マ－ケティング論,松江宏　松江宏,創成社,2001-05-01,640
479442146X,うわさとくちコミマ－ケティング[第２版],二瓶喜博,創成社,2003-04-01,2650
4794421540,マ－ケティング決定論[増補版],樺山忠雄,創成社,2003-05-01,1270
4794421583,共生マ－ケティング戦略論[第４版],清水公一,創成社,2003-05-01,1840
4794421664,マ－ケティング・ナレッジ[第２版],岩本俊彦,創成社,2004-04-01,2170
4794421753,環境マ－ケティング概論,岩本俊彦,創成社,2004-04-01,650
4794421834,ストラテジック・マ－ケティング,樺山忠雄,創成社,2004-05-01,4220
479480377X,ジェンダ－・ポリティックス,進藤久美子,新評論,1997-11-01,2710
4794803966,宗教と政治,中野実,新評論,1998-03-01,3210
4794804318,数理と政治,山川雄巳,新評論,1998-12-01,3450
4794804660,女性と政治,御巫由美子,新評論,1999-10-01,2580
4794965680,「心」と戦争,高橋哲哉,晶文社,2003-04-01,980
4794966113,平和と平等をあきらめない,高橋哲哉　斎藤貴男,晶文社,2004-06-01,4280
4796700439,スティグマの社会学[改訂版],ア－ヴィング・ゴフマン　石黒毅,せりか書房,2001-04-01,2030
4796701494,エスノメソドロジ－,ハロルド・ガ－フィンケル　山田富秋,せりか書房,1987-04-01,2220
4796702008,入門エスノメソドロジ－,アラン・クロン　山田富秋,せりか書房,1996-09-01,2520
4796702210,ア－ヴィング・ゴッフマン,イ－ヴ・ヴァンカン　石黒毅,せりか書房,1999-10-01,860
4796702245,メディア・スタディ－ズ,吉見俊哉,せりか書房,2000-04-01,4210
4796702253,フィ－ルドワ－クの経験,好井裕明　桜井厚,せりか書房,2000-05-01,3510
4796702393,実践のフィ－ルドワ－ク,好井裕明　山田富秋,せりか書房,2002-05-01,1220
4796702407,メディア文化の権力作用,伊藤守,せりか書房,2002-06-01,2840
4796702504,ライフスト－リ－とジェンダ－,桜井厚,せりか書房,2003-07-01,1890
4796702512,メディア・プラクティス,水越伸　吉見俊哉,せりか書房,2003-10-01,3280
4796702520,テレビはどう見られてきたのか,小林直毅　毛利嘉孝,せりか書房,2003-11-01,1690
4797250798,ＥＵ環境法と企業責任,河村寛治　三浦哲男,信山社出版,2004-04-01,1740
479725310X,セクハラ救済ハンドブック２０問２０答,水谷英夫,信山社出版,2001-11-01,4490
4797305878,ＳＱＬプログラミング入門,ライアン・Ｋ．スティ－ブンス,ソフトバンクパブリッシング,1998-10-01,3000
4797311320,Ｌｉｎｕｘ　ｎｅｔｗｏｒｋメ－ルサ－バ管理者ガイド,伊藤浩一,ソフトバンクパブリッシング,2000-03-01,2350
4797314117,ＦｒｅｅＢＳＤコマンドス－パ－リファレンス,前田雄一郎　田谷文彦,ソフトバンクパブリッシング,2000-12-01,4440
4797315229,Ｉｎｔｒｏｄｕｃｔｉｏｎ　ｔｏ　Ｊａｖａ,荒瀬遥,ソフトバンクパブリッシング,2001-04-01,620
479731639X,ＳＱＬハンドブック,宮坂雅輝,ソフトバンクパブリッシング,2001-07-01,4370
479731642X,Ｌｉｎｕｘデベロッパ－ズバイブル,芦田幸治　タ－ボリナックスジャパン株式会社,ソフトバンクパブリッシング,2001-10-01,1820
4797317027,ＲＳＡ（ア－ルエスエ－）暗号技術の基礎からＣ＋＋による実装まで,橋本晋之介,ソフトバンクパブリッシング,2001-12-01,4300
4797317868,やってトライ！　Ｊａｖａプログラミング,松崎為豁　ソフトバンクパブリッシング株式会社,ソフトバンクパブリッシング,2001-12-01,3900
4797318007,ハックアタック徹底解析,ジョン・チリ－オ　トップスタジオ,ソフトバンクパブリッシング,2002-07-01,1910
4797318015,ハックアタック完全防御,ジョン・チリ－オ　トップスタジオ,ソフトバンクパブリッシング,2002-04-01,1990
4797318325,Ｗｉｋｉ　ｗａｙ,ボウ・ル－フ　ウォ－ド・カニンガム,ソフトバンクパブリッシング,2002-09-01,1290
4797318570,新Ｊａｖａ言語入門(ビギナ－編),林晴比古,ソフトバンクパブリッシング,2001-12-01,3290
4797319062,やさしいＪａｖａ[第２版],高橋麻奈,ソフトバンクパブリッシング,2002-03-01,4450
4797319119,暗号技術大全,ブル－ス・シュナイア－　山形浩生,ソフトバンクパブリッシング,2003-06-01,2430
4797319127,Ｊａｖａ言語で学ぶデザインパタ－ン入門(マルチスレッド編),結城浩,ソフトバンクパブリッシング,2002-06-01,3350
4797319232,Ｊａｖａプログラムデザイン[第３版],戸松豊和,ソフトバンクパブリッシング,2002-02-01,2910
4797319240,新Ｊａｖａ言語入門(シニア編),林晴比古,ソフトバンクパブリッシング,2002-03-01,4480
4797320346,新Ｊａｖａ言語入門(ス－パ－ビギナ－編),林晴比古,ソフトバンクパブリッシング,2002-06-01,1290
4797320508,やさしいＪａｖａ(活用編),高橋麻奈,ソフトバンクパブリッシング,2002-06-01,1130
4797320656,ｑｍａｉｌで作るメ－ルサ－バ徹底攻略,与儀丈二,ソフトバンクパブリッシング,2002-11-01,2830
4797321148,Ｗｅｂアプリケ－ション／サ－ビス開発者のためのＪａｖａクラス設計,米川英樹,ソフトバンクパブリッシング,2003-03-01,2750
4797322462,エッセンシャルＪａｖａ[２ｎｄ　ｅｄｉｔ],宮坂雅輝,ソフトバンクパブリッシング,2003-08-01,4080
4797322977,暗号技術入門,結城浩,ソフトバンクパブリッシング,2003-09-01,4460
4797323159,メ－ル送信システムの作り方大全,新居雅行,ソフトバンクパブリッシング,2003-11-01,4190
4797323396,グリッド・コンピュ－ティングとは何か,日本アイ・ビ－・エム・システムズ・エンジ,ソフトバンクパブリッシング,2004-04-01,2700
4797323442,Ｓｔｒｕｔｓインアクション,テッド・ハステッド　クイ－プ,ソフトバンクパブリッシング,2003-12-01,4340
4797324104,ＨＴＭＬ（エイチティエムエル）＋ＣＳＳ　ｈａｎｄｂｏｏｋ[２ｎｄ　ｅｄｉｔ],水津弘幸　石井歩,ソフトバンクパブリッシング,2003-09-01,940
4797324252,ｓｅｎｄｍａｉｌセキュリティ,久米原栄,ソフトバンクパブリッシング,2003-07-01,1250
4797325046,Ｊａｖａデベロッパ－のためのＥｃｌｉｐｓｅ導入ガイド[改訂版],宮本信二　飯田伸一,ソフトバンクパブリッシング,2003-08-01,1170
4797325143,ＪＵｎｉｔインアクション,ビンセント・マソル　テッド・ハステッド,ソフトバンクパブリッシング,2004-05-01,2060
4797325151,Ｊａｖａ言語プログラミングレッスン(上)[改訂版],結城浩,ソフトバンクパブリッシング,2003-10-01,2730
479732516X,Ｊａｖａ言語プログラミングレッスン(下)[改訂版],結城浩,ソフトバンクパブリッシング,2003-10-01,2880
4797325186,Ｊａｖａデベロッパ－のためのＡｐａｃｈｅ　Ａｎｔ入門,宮本信二,ソフトバンクパブリッシング,2003-11-01,2030
4797325453,Ｗｉｎｄｏｗｓゲ－ムプログラミング,赤坂玲音,ソフトバンクパブリッシング,2004-06-01,1860
4797325534,ＳＱＬワ－クブック,高橋良明,ソフトバンクパブリッシング,2004-01-01,1020
4797325917,はじめてのＦｅｄｏｒａ　Ｃｏｒｅ,田中秀樹,ソフトバンクパブリッシング,2003-12-01,2160
4797325976,サ－バ－サイドＪａｖａプログラマ－養成講座,レッドフォックス株式会社　勝又啓太,ソフトバンクパブリッシング,2004-04-01,1590
4797326379,実践ＭｙＳＱＬ　４（フォ－）,村上毅　ソフトエ－ジェンシ－,ソフトバンクパブリッシング,2004-01-01,1400
4797326387,ＡｓｐｅｃｔＪによるアスペクト指向プログラミング入門,天野まさひろ　鷲崎弘宜,ソフトバンクパブリッシング,2004-04-01,4380
4797326522,ＵＮＩＸシェルスクリプトハンドブック,関根達夫,ソフトバンクパブリッシング,2004-03-01,2580
4797820055,Ａｐａｃｈｅサ－バコメンタリ－オ－プンソ－スコ－ド詳解,グレッグ・ホ－ルデン　ニコラス・ウェルズ,セレンディップ,2000-04-01,1060
4798000124,Ｊａｖａ　ｓｕｐｅｒ　ｔｉｐｓ(オブジェクト指向設計編),浅海智晴,秀和システム,2000-07-01,1850
4798001880,図解入門よくわかる最新Ｊａｖａの基本と仕組み,榊原大輔,秀和システム,2001-11-01,2100
4798002070,図解・標準最新Ｐｅｒｌ／ＣＧＩハンドブック,銀座企画,秀和システム,2001-11-01,4300
4798002224,詳解ＪａｖａＳｃｒｉｐｔ辞典,半場方人,秀和システム,2002-07-01,2150
4798002305,ｑｍａｉｌで作る快適メ－ルサ－バ－,濱野賢一朗　佐藤文優,秀和システム,2001-12-01,880
4798002860,はじめてのＪａｖａプログラミング,佐藤滋,秀和システム,2002-04-01,480
4798003530,Ｊａｖａ　＆　Ｃｏｃｏａプログラミングバイブル,掌田津耶乃,秀和システム,2002-07-01,4480
4798003808,はじめてのＳＱＬプログラミング,玉川純,秀和システム,2002-09-01,680
4798003867,標準Ｊａｖａ　Ｗｅｂデ－タベ－スプログラミング,横井与次郎,秀和システム,2002-09-01,610
4798003980,図解・標準最新ＤＮＳ　＆　ＢＩＮＤハンドブック,イクスブレイン,秀和システム,2002-10-01,4020
4798004065,Ｊａｖａプログラミングを始めよう！,村山要司,秀和システム,2002-10-01,4360
4798004219,入門ＣＶＳ（シ－ブイエス）[第２版],大月美佳,秀和システム,2002-11-01,4390
4798004405,図解・標準最新ＳＱＬ（エスキュウエル）　９９ハンドブック,オフィスエム（１９９５）,秀和システム,2002-12-01,1300
479800474X,ＰＨＰス－パ－リファレンス,アイティ－ブ－スト,秀和システム,2003-02-01,3280
479800488X,Ｊａｖａで学ぶ暗号プログラミング,赤間世紀,秀和システム,2003-02-01,610
4798005053,Ａｃｃｅｓｓ＋ＭｙＳＱＬ実用デ－タベ－スシステム構築,豊崎直也,秀和システム,2003-03-01,4360
479800510X,Ｊａｖａパ－フェクトマスタ－,福島靖浩,秀和システム,2003-04-01,420
4798005908,ＫＮＯＰＰＩＸではじめるＬｉｎｕｘ入門,諫山研一　藤本裕之,秀和システム,2003-08-01,3810
4798005940,Ｊａｖａアドバンストテクニック逆引き大全５００の極意,アリエスコンピュ－タ　チ－ムＭ２,秀和システム,2003-09-01,4200
4798006165,ＥｃｌｉｐｓｅによるＰＨＰスクリプト開発,上ケ迫勝憲,秀和システム,2003-10-01,4230
4798006289,Ｊａｖａセンスアッププログラミング,橋本正徳　縣俊貴,秀和システム,2003-11-01,3240
4798006793,Ｊａｖａス－パ－リファレンス,山田祥寛,秀和システム,2003-12-01,1280
4798006882,Ｓａｍｂａファイルサ－ビス管理リファレンス,根津研介,秀和システム,2004-01-01,810
4798006920,Ｊａｖａグラフィック完全解説,豊崎直也,秀和システム,2004-01-01,2160
4798007072,Ｊａｖａ　３Ｄ（スリ－ディ）グラフィック完全解説,安井健治郎,秀和システム,2004-03-01,2730
4798007188,ホ－ムペ－ジ・ビルダ－Ｖｅｒｓｉｏｎ　８パ－フェクトマスタ－,高見有希,秀和システム,2004-03-01,1820
479800720X,最新「ＭＢＡプログラム」コア・ガイダンス,杉田米行　チ－ムＭ２,秀和システム,2004-05-01,760
4798007218,最新「マネジメント」とケ－ス分析,廣綱晶子　大石達也,秀和システム,2004-04-01,2330
4798007226,最新「経営戦略」とケ－ス分析,大石達也,秀和システム,2004-03-01,1640
4798007234,最新「マ－ケティング」とケ－ス分析,小尾秀男　チ－ムＭ２,秀和システム,2004-05-01,2070
4798007242,最新「ファイナンス」とケ－ス分析,池羽太郎　廣綱晶子,秀和システム,2004-04-01,2780
4798007250,最新「アカウンティング」とケ－ス分析,ナオコ・コスミ・ラマ－ス　廣綱晶子,秀和システム,2004-04-01,1260
4798007447,明解ＵＭＬオブジェクト指向＆モデリング入門,河合昭男　中桐紀幸,秀和システム,2004-04-01,3260
479800779X,明解ＪＡＶＡプログラミング入門[２ｎｄ　ｅｄ．],坂田健二,秀和システム,2004-05-01,750
4798007900,ホ－ムペ－ジ・ビルダ－８逆引き大全５００の極意,チ－ムＭ２,秀和システム,2004-06-01,3400
4798100056,バイラルマ－ケティング,セス・ゴディン　大橋禅太郎,翔泳社,2001-02-01,2790
4798100900,１０日でおぼえるＪａｖａ実践教室,丸の内とら,翔泳社,2002-03-01,3210
4798101117,標準Ｃ＃．ＮＥＴプログラミング(１（Ｃ＃言語構文編）),アンドリュ－・トロエルセン　矢沢久雄,翔泳社,2002-03-01,2100
4798101125,標準Ｃ＃．ＮＥＴプログラミング(２（．ＮＥＴアプリケ－ション開),アンドリュ－・トロエルセン　矢沢久雄,翔泳社,2002-03-01,1520
4798101362,図解でおぼえるＭｅｗ＋αの使い方,神山文雄　小西健司,翔泳社,2002-02-01,4190
4798101400,「個」客革命,パトリシア・シ－ボルト　有賀裕子,翔泳社,2001-12-01,2750
479810146X,独習Ｃ＃,ハ－バ－ト・シルト　スリ－エ－システムズ,翔泳社,2002-04-01,3170
479810194X,デザインパタ－ンワ－クブック,岡村敏弘,翔泳社,2004-02-01,400
479810213X,マスタリングＥｎｔｅｒｐｒｉｓｅ　ＪａｖａＢｅａｎｓ,エド・ロ－マン　スコット・Ｗ．アンブラ－,翔泳社,2003-06-01,1190
4798102210,ＭｙＳＱＬ徹底活用,とみたまさひろ　日本ＭｙＳＱＬユ－ザ－会,翔泳社,2003-02-01,3290
4798102237,ＢｕｓｉｎｅｓｓＷｅｅｋ　ＭＢＡベストスク－ルガイドブック,ビジネスウィ－ク編集部　伊東奈美子,翔泳社,2002-03-01,590
4798102415,独習ＳＱＬ,黒石博明　長谷川裕行,翔泳社,2002-05-01,3430
4798102423,ＨＴＭＬタグ辞典[第５版],アンク,翔泳社,2002-04-01,1450
4798102733,ホ－ムペ－ジ辞典[第３版],アンク,翔泳社,2002-10-01,3470
4798102768,コトラ－新・マ－ケティング原論,フィリップ・コトラ－　ディパック・Ｃ．ジェイン,翔泳社,2002-07-01,3830
4798102784,独習Ｊａｖａ[第２版],ジョゼフ・オニ－ル　トップスタジオ,翔泳社,2002-07-01,3270
4798102814,クラッキング防衛大全[第３版],スチュア－ト・マックル－　ジョエル・スキャンベリ－,翔泳社,2002-07-01,2080
4798102946,Ｊａｖａの絵本,アンク,翔泳社,2002-12-01,4060
4798103179,クラッキング防衛大全(Ｌｉｎｕｘ編),ブライアン・ハッチ　ジェイムズ・リ－,翔泳社,2002-08-01,2300
4798103489,実践Ｃ＋＋／Ｃ＃．ＮＥＴプログラミング,リチャ－ド・グライムズ　宇野俊夫,翔泳社,2003-10-01,450
4798103519,Ｊａｖａ(1)[改訂版],矢沢久雄,翔泳社,2003-07-01,2930
4798103527,Ｊａｖａ(2)[改訂版],矢沢久雄,翔泳社,2003-07-01,3100
4798103535,Ｊａｖａプログラミング辞典(サ－バサイド・デ－タベ－ス・ネ),日向駿馳,翔泳社,2003-10-01,2000
4798103543,ソフトウェアエンジニアリング,エリック・Ｊ．ブロディ　羽生田栄一,翔泳社,2004-03-01,860
4798103551,クラッキング防衛大全(Ｗｉｎｄｏｗｓ　２０００編),ジョエル・スキャンベリ－　スチュア－ト・マックル－,翔泳社,2003-01-01,3290
4798104183,オブジェクト脳のつくり方,牛尾剛　長瀬嘉秀,翔泳社,2003-07-01,1370
4798104973,ＳＱＬ辞典,プロジェクトＡ株式会社　松原澪,翔泳社,2003-12-01,2000
4798105163,ＴＣＰ／ＩＰの絵本,アンク,翔泳社,2003-12-01,1940
4798106747,超入門Ｊａｖａってなんだろう,井上樹,翔泳社,2004-04-01,1220
4805731257,税務会計学原理,富岡幸雄,中央大学出版部,2003-09-01,2380
4805821590,階級・ジェンダ－・エスニシティ,笹谷春美　小内透,中央法規出版,2001-12-01,2800
4806114030,ＩＴ革命で変わる新しいマ－ケティング入門,江口泰広,中経出版,2000-10-01,4450
4806114987,図解実践パ－ミション・マ－ケティング入門の入門,阪本啓一,中経出版,2001-07-01,3000
480611524X,図解Ｅメ－ルで市場を即１００倍に広げる本,山内善行　西田徹,中経出版,2001-10-01,4230
4806116467,慶應ビジネススク－ル高木晴夫教授のＭＢＡ授業ｌｉｖｅリ－ダ－シップ論,高木晴夫,中経出版,2002-07-01,1940
4806117188,慶應ビジネススク－ル高木晴夫教授のＭＢＡ授業ｌｉｖｅマネジメント論,高木晴夫,中経出版,2002-11-01,2190
4806117811,ＭＢＡ流交渉術の基本,手塚宏之,中経出版,2003-03-01,2210
4806119075,実学社長のマ－ケティング,岸良裕司,中経出版,2003-11-01,1610
4806119806,中国の自動車産業がニッポンを追い抜く日,遠藤誉,中経出版,2004-03-01,2790
4806712825,森林環境(2004),森林文化協会　竹内敬二,築地書館,2004-03-01,4050
4809050688,国土交通六法(社会資本整備編　平成１６年版),建設行政研究会　国土交通省,東京法令出版,2003-12-01,2140
4811558413,社会主義，資本主義，体制転換,レシェク・バルツェロヴィチ　家本博一,多賀出版,2000-07-01,690
4811565215,デ－タマイニングと組織能力,矢田勝俊,多賀出版,2004-02-01,3120
4815802831,大気水圏科学からみた地球温暖化,半田暢彦,名古屋大学出版会,1996-03-01,1330
4816330879,いきなりＪａｖａ　２入門,塚越一雄,ナツメ社,2001-11-01,770
4816334114,はじめて学ぶＵＭＬ,竹政昭利,ナツメ社,2003-01-01,2870
4816334890,Ｊａｖａ実力アップ問題集,丸の内とら,ナツメ社,2003-08-01,890
4816336559,はじめて学ぶＵＭＬ「実践問題集」,竹政昭利,ナツメ社,2004-01-01,2460
481710337X,品質経営システム構築の実践集,細谷克也　西野武彦,日科技連出版社,2002-06-01,3730
4817130431,実践デザインレビュ－手法,小野寺勝重,日科技連出版社,2002-01-01,3500
4817191236,エンジニアリングマネジャ－[改訂],Ｍ．Ｋ．バダウィ　角忠夫,日科技連出版社,2004-03-01,1540
4818812994,２１世紀を読み解く政治学,川上和久　丸山直起,日本経済評論社,2000-09-01,1040
481881542X,アクセス日本政治論,平野浩　河野勝,日本経済評論社,2003-09-01,3390
482011493X,ハ－バ－ドで教えるマ－ケティング戦略,ビンセント・Ｐ．バラッバ　ジェラルド・ザルトマン,生産性出版,1992-03-01,1120
4820116487,サ－ビス・マ－ケティング,近藤隆雄,生産性出版,1999-01-01,4460
4820117599,人口減少社会のマ－ケティング,古田隆彦,生産性出版,2003-07-01,1020
4820117696,顧客価値マ－ケティング入門,岡本正耿,生産性出版,2003-11-01,4190
482071273X,ＭＢＡの人材戦略,デイビッド・ウルリッチ　梅津祐良,日本能率協会マネジメントセンタ－,1997-10-01,2130
4820715321,図解でわかるケ－タイマ－ケティング,博報堂,日本能率協会マネジメントセンタ－,2000-10-01,2070
4820715534,図解でわかるマ－ケティングリサ－チ,石井栄造,日本能率協会マネジメントセンタ－,2001-02-01,1810
4820715844,マ－ケティングプランナ－の仕事,相原博之,日本能率協会マネジメントセンタ－,2001-06-01,1680
4820741160,ＭＯＴ（マネジメント・オブ・テクノロジ－）入門,早稲田大学　寺本義也,日本能率協会マネジメントセンタ－,2002-12-01,4200
4820741195,図解でわかる対話マ－ケティング,平林典子,日本能率協会マネジメントセンタ－,2002-12-01,3930
4820741292,図解でわかるカラ－マ－ケティング,下川美知瑠,日本能率協会マネジメントセンタ－,2003-04-01,1760
4820741527,図解でわかるくちコミマ－ケティング,中島正之　鈴木司,日本能率協会マネジメントセンタ－,2003-06-01,3430
4820742256,ＭＯＴ（マネジメント・オブ・テクノロジ－）アドバンスト技術ベンチャ－,早稲田大学,日本能率協会マネジメントセンタ－,2004-04-01,2000
4822207897,ＳＥのためのヒュ－マン・スキル入門,芦屋広太　日経コンピュ－タ編集部,日経ＢＰ社,2004-03-01,2990
4822213994,詳解ネットワ－ク大事典,日経コミュニケ－ション編集部,日経ＢＰ社,2004-03-01,3030
4822221067,コンピュ－タネットワ－ク[第４版],アンドル－・Ｓ．タネンバウム　水野忠則,日経ＢＰ社,2003-12-01,1720
4822221148,無線ＩＣタグのすべて,日経ＢＰ社,日経ＢＰ社,2004-04-01,2400
4822241491,インタ－ネット時代のワン・トゥ・ワンＷｅｂマ－ケティング,クリフ・アレン　デボラ・カニア,日経ＢＰ社,1999-07-01,2270
4822242129,インタ－ネット・マ－ケティング・ベ－シックス,日本マ－ケティング協会　日本マ－ケティング協会,日経ＢＰ社,2000-12-01,960
4822242390,マ－ケティングで成功する企業、失敗する企業,土屋晴仁　梅田正隆,日経ＢＰ社,2001-10-01,1760
4822242455,ＭＢＡマ－ケティング,平久保仲人,日経ＢＰ社,2001-10-01,3390
4822242463,ＭＢＡバリュエ－ション,森生明,日経ＢＰ社,2001-10-01,2740
4822242498,コ－ポレ－ト・ファイナンス(上),リチャ－ド・Ａ．ブレ－リ－　スチュワ－ト・Ｃ．マイヤ－ズ,日経ＢＰ社,2002-03-01,2950
4822242501,コ－ポレ－ト・ファイナンス(下),リチャ－ド・Ａ．ブレ－リ－　スチュワ－ト・Ｃ．マイヤ－ズ,日経ＢＰ社,2002-03-01,2020
4822242773,ワイヤレスＣＲＭ,フレデリック・ネウェル　キャサリン・Ｎ．レモン,日経ＢＰ社,2002-04-01,2070
4822242854,ＭＢＡ財務会計,金子智朗,日経ＢＰ社,2002-07-01,4470
4822242862,ＭＢＡ訴訟戦略,松山遥,日経ＢＰ社,2002-07-01,1850
4822243206,ＭＢＡ管理会計,本多慶行,日経ＢＰ社,2003-05-01,3260
4822243303,理系の経営学,宮田秀明,日経ＢＰ社,2003-04-01,1150
4822243834,国産ロケットはなぜ墜ちるのか,松浦晋也,日経ＢＰ社,2004-02-01,710
4822243923,ＭＯＴの経営学,松島克守,日経ＢＰ社,2004-05-01,3450
482224394X,ＭＢＡミクロ経済学,小島寛之,日経ＢＰ社,2004-04-01,1480
4822244067,イノベ－ションの本質,野中郁次郎　勝見明,日経ＢＰ社,2004-05-01,910
4822271528,コンピュ－タ・ア－キテクチャ[新装版],デ－ヴィド・Ａ．パタ－ソン　ジョン・Ｌ．ヘネシ,日経ＢＰ社,1994-02-01,1890
4822280063,ＤＲＭ,中沢功,日経ＢＰ社,1996-12-01,2240
4822280799,企業経営のための環境会計,日本公認会計士協会,日経ＢＰ社,2000-12-01,650
4822280993,ＬＡＮスイッチング徹底解説,リッチ・サイファト　間宮あきら,日経ＢＰ社,2001-08-01,4350
4822281019,プログラムはなぜ動くのか,矢沢久雄　日経ソフトウエア編集部,日経ＢＰ社,2001-10-01,3750
4822281132,基本から学ぶソフトウェアテスト,セム・ケイナ－　ジャック・フォ－ク,日経ＢＰ社,2001-11-01,2140
4822281493,Ｗｉｎｄｏｗｓはなぜ動くのか,天野司,日経ＢＰ社,2002-10-01,1260
4822281515,ネットワ－クはなぜつながるのか,戸根勤　日経ｎｅｔｗｏｒｋ編集部,日経ＢＰ社,2002-11-01,1980
482228154X,ソフトウェアテスト２９３の鉄則,セム・ケイナ－　ジェ－ムズ・バック,日経ＢＰ社,2003-04-01,3580
4822281655,コンピュ－タはなぜ動くのか,矢沢久雄　日経ソフトウエア編集部,日経ＢＰ社,2003-06-01,790
4822281698,Ｃ＃デザインパタ－ン,ジェ－ムズ・Ｗ．ク－パ－　トップスタジオ,日経ＢＰ社,2003-07-01,1720
4822281957,オブジェクト指向でなぜつくるのか,平澤章,日経ＢＰ社,2004-06-01,1810
4822291529,Ｅメ－ルマ－ケティングで売上を１００倍伸ばす方法,山内善行　西田徹,日経ＢＰ社,2000-10-01,2380
4822291715,インタ－ネットでＭＢＡ・修士号を取る,笠木恵司,日経ＢＰ社,2002-09-01,2090
4822710025,ス－パ－スカラ・プロセッサ,マイク・ジョンソン　村上和彰,日経ＢＰ出版センタ－,1994-08-01,2160
482650375X,犯罪と猟奇の民俗学,礫川全次,批評社,2003-07-01,2300
4826503903,「愛国心」の研究,柿沼昌芳　永野恒雄,批評社,2004-02-01,4450
4826910517,トムキンスの冒険,ジョ－ジ・ガ－モフ　伏見康治,白揚社,1991-11-01,2570
4826910525,太陽と月と地球と,ジョ－ジ・ガ－モフ　白井俊明,白揚社,1991-11-01,2810
4826910533,宇宙＝１、２、３…無限大,ジョ－ジ・ガ－モフ　崎川範行,白揚社,1992-04-01,3850
4826910541,物理学の探検,ジョ－ジ・ガ－モフ　鎮目恭夫,白揚社,1992-07-01,3840
482840564X,「超」マ－ケティング,稲垣佳伸,ビジネス社,1994-06-01,2790
4830943300,メアリ－・パ－カ－・フォレット：管理の予言者,ポウリン・グラハム　三戸公,文真堂,1999-05-01,4270
4830944463,マネジメント思想の進化,ダニエル・Ａ．レン　佐々木恒男,文真堂,2003-09-01,3110
4833417359,売ろうとしなくても売れるマ－ケティング営業,片山又一郎,プレジデント社,2002-01-01,1980
4833417472,一橋大学ビジネススク－ル「知的武装講座」,伊丹敬之,プレジデント社,2002-04-01,1580
4833417561,共感エンジン,吉川京二　城井廣邦,プレジデント社,2002-09-01,1270
4833418037,ＭＢＡを取って、年収２倍を目指せ！,小松哲史,プレジデント社,2004-03-01,4100
4835605756,テレビ・ラジオ・芸能の全仕事(2005),,東放学園,2003-12-01,3590
4835606272,音楽の全仕事(2005),,東放学園,2004-04-01,890
4839906033,（一週間でマスタ－する）Ｊａｖａプログラミング(Ｆｏｒ　Ｗｉｎｄｏｗｓ),福島靖浩,毎日コミュニケ－ションズ,2001-10-01,1220
4839907102,Ｍａｃ　ＯＳ　１０（テン）　Ｃａｒｂｏｎプログラミングガイド,小池邦人　中野洋一,毎日コミュニケ－ションズ,2002-03-01,1610
4839907293,おしえて！！　Ｍａｃｒｏｍｅｄｉａ　ＦＬＡＳＨ　ＭＸ,まつむらまきお　たなかまり,毎日コミュニケ－ションズ,2002-08-01,3280
4839909555,ＵＮＩＸネットワ－ク管理ガイド,プロジェクトタイムマシン,毎日コミュニケ－ションズ,2003-03-01,4430
4839909571,Ｍａｃ　ＯＳ　１０ユ－ザのためのＵＮＩＸ入門,大津真,毎日コミュニケ－ションズ,2003-01-01,540
4839909865,ＣＰＵの創りかた,渡波郁,毎日コミュニケ－ションズ,2003-09-01,580
4839910375,Ｊａｖａ先生,大津真　西村勇亮,毎日コミュニケ－ションズ,2003-04-01,2120
4839910413,Ｒｕｂｙの冒険(旅立ち篇),熊谷秀武　吉田和弘,毎日コミュニケ－ションズ,2003-08-01,4480
4839910820,Ｊａｖａ,礒山賢司　小林邦彦,毎日コミュニケ－ションズ,2004-03-01,1090
4839911738,Ｍａｃ　ＯＳ　１０　ＵＮＩＸアプリケ－ション簡単活用ガイド,石田豊,毎日コミュニケ－ションズ,2003-09-01,3730
4839911746,まるかじりＪａｖａ,田中宏和,毎日コミュニケ－ションズ,2003-09-01,3770
4839911851,Ｒｕｂｙの冒険(遊々篇),熊谷秀武　吉田和弘,毎日コミュニケ－ションズ,2003-08-01,4400
4839913145,はじめる？　ＩＰｖ６,水野寛之,毎日コミュニケ－ションズ,2004-05-01,2760
4839913579,Ｘｃｏｄｅプログラミング入門,柴田文彦,毎日コミュニケ－ションズ,2004-03-01,3240
4839913862,Ｊａｖａアプリケ－ション作成講座,赤坂玲音,毎日コミュニケ－ションズ,2004-04-01,3510
4839914672,Ｍａｃ　ＯＳ　１０　ｖ１０．３　Ｐａｎｔｈｅｒで使おうＵＮＩＸ,大津真　新居雅行,毎日コミュニケ－ションズ,2004-05-01,1360
4842910879,見えないものを見る力,石川淳志　佐藤健二,八千代出版,1998-09-01,640
4842912189,マ－ケティング,石井淳蔵,八千代出版,2001-12-01,2400
4844316540,Ｃ＃言語リファレンスｂｌａｃｋ　ｂｏｏｋ,ビル・ワグナ－　スリ－エ－システムズ,インプレス,2002-07-01,3090
484431680X,標準ＦｒｅｅＢＳＤリファレンス,マイケル・Ｃ．ア－バン　ブライアン・ティ－マン,インプレス,2002-09-01,1290
4844316974,基礎Ｊａｖａ,野本等,インプレス,2002-10-01,410
484431825X,Ｊａｖａの地図帳,野本等,インプレス,2003-09-01,510
4844318284,コンピュ－タの名著・古典１００冊,石田晴久　青山幹雄,インプレス,2003-11-01,3650
4844319159,結城浩のＷｉｋｉ入門,結城浩,インプレス,2004-04-01,2360
4844319361,Ｍａｉｌｍａｎ標準ハンドブック,安田幸弘,インプレス,2004-05-01,3120
4845108275,くるま社会,宮本憲一,旬報社,2003-11-01,3650
4845108283,魚が恋する海,中村征夫,旬報社,2003-12-01,4470
4845108623,里山はトトロのふるさと,広井敏男　山岡寛人,旬報社,2004-02-01,1500
4845108631,山・自然との共生,本多勝一　山岡寛人,旬報社,2004-05-01,4120
4845904608,情報社会を知るクリティカル・ワ－ズ,田畑暁生,フィルムア－ト社,2004-04-01,3110
4860630521,マネするマ－ケティング,岡本吏郎,あさ出版,2004-03-01,3840
4871482456,はじめて読む８０８６,蒲地輝尚,アスキ－,1987-04-01,510
4871483517,ＵＮＩＸプログラミング環境,ブライアン・Ｗ．カ－ニハン　ロブ・パイク,アスキ－,1985-10-01,1900
4871487741,はじめて読むアセンブラ,村瀬康治,アスキ－,1985-03-01,1070
4871495582,空港で働く仕事ガイド[改訂版],月刊「エアステ－ジ」編集部,イカロス出版,2004-06-01,420
487188516X,想像の共同体[増補],ベネディクト・アンダ－ソン　白石さや,ＮＴＴ出版,1997-05-01,1580
487193716X,知りたい人のためのＲＦＣの歩き方,塩田紳二,エ－アイ出版,1999-10-01,4300
487193862X,対称型マルチプロセッシング技術,宇野俊夫,エ－アイ出版,2001-08-01,4100
4872337735,論争,上野千鶴子　行岡良治,太田出版,2003-08-01,3020
4872804791,Ｊａｖａ　２　Ｊ２ＳＥ　１．４,ジョン・ズコウスキ　クイ－プ,アイ・ディ・ジ－・ジャパン,2002-10-01,3970
4872833015,超図解Ｊａｖａ入門,エクスメディア,エクスメディア,2003-05-01,3250
4872833449,超図解Ｊａｖａル－ルブック,電通国際情報サ－ビス　エクスメディア,エクスメディア,2004-04-01,3910
4873110289,電子メ－ルプロトコル,デイビッド・ウッド　佐々木雅之,オライリ－・ジャパン,2000-11-01,3970
4873110327,ｆｍｌバイブル,深町賢一,オライリ－・ジャパン,2001-01-01,2900
4873110599,マスタリングＩＰｓｅｃ,馬場達也,オライリ－・ジャパン,2001-10-01,540
4873110696,入門Ｃａｒｂｏｎ,Ａｐｐｌｅ　Ｃｏｍｐｕｔｅｒ，Ｉｎｃ．　長瀬嘉秀,オライリ－・ジャパン,2001-12-01,1250
4873110769,入門Ｃｏｃｏａ,Ａｐｐｌｅ　Ｃｏｍｐｕｔｅｒ，Ｉｎｃ．　長瀬嘉秀,オライリ－・ジャパン,2002-03-01,3380
4873110785,ＮＦＳ　＆　ＮＩＳ[第２版],ハル・スタ－ン　マイク・アイスラ－,オライリ－・ジャパン,2002-04-01,720
4873110793,不正アクセス調査ガイド,渡辺勝弘　伊原秀明,オライリ－・ジャパン,2002-04-01,3690
4873110815,Ｌｉｎｕｘデバイスドライバ[第２版],アレッサンドロ・ルビ－ニ　ジョナサン・コルベット,オライリ－・ジャパン,2002-05-01,2900
4873110823,Ｊａｖａ　＆　ＸＭＬ,ブレット・マクラフリン　須賀祐治,オライリ－・ジャパン,2002-05-01,3190
4873110831,入門ｖｉ,リンダ・ラム　ア－ノルド・ロビンス,オライリ－・ジャパン,2002-05-01,700
4873110866,Ｊａｖａ　ＲＭＩ,ウィリアム・グロッソ　田和勝,オライリ－・ジャパン,2002-06-01,480
4873110963,プログラミングＰｅｒｌ(ｖｏｌｕｍｅ　１)[第３版],ラリ－・ウォ－ル　トム・クリスチャンセン,オライリ－・ジャパン,2002-09-01,1170
4873111005,Ｊａｖａ国際化プログラミング,アンドリュ－・ディッチ　デイビッド・ゼナッキ－,オライリ－・ジャパン,2002-09-01,1930
4873111021,実践ＰｏｓｔｇｒｅＳＱＬ,ジョン・ウォスレイ　ジョシュア・ドレイク,オライリ－・ジャパン,2002-10-01,1660
4873111048,入門Ｕｎｉｘ　ｆｏｒ　Ｍａｃ　ＯＳ　１０,デ－ヴ・テ－ラ－　ジェリ・ピ－ク,オライリ－・ジャパン,2002-12-01,1590
4873111218,プログラミングＭａｃ　ＯＳ　１０　ｆｏｒ　Ｕｎｉｘ　Ｇｅｅｋｓ,ブライアン・ジェプソン　ア－ネスト・Ｅ．ロスマン,オライリ－・ジャパン,2003-04-01,1240
4873111226,Ｍａｃ　ＯＳ　１０,デ－ヴィド・ポ－グ　櫻井知久,オライリ－・ジャパン,2003-03-01,740
4873111250,ＤＮＳ　＆　ＢＩＮＤクックブック,クリケット・リュ－　伊藤高一,オライリ－・ジャパン,2003-04-01,3240
4873111447,プログラミングＭａｃ　ＯＳ　１０　ｆｏｒ　Ｊａｖａ　Ｇｅｅｋｓ,ウィル・アイバ－ソン　酒井皇治,オライリ－・ジャパン,2003-08-01,2800
4873111463,Ｍａｃ　ＯＳ　１０　ｈａｃｋｓ,ラエル・ド－ンフェスト　ケビン・ヘメウェイ,オライリ－・ジャパン,2003-11-01,570
4873111471,ＲＡＤＩＵＳ,ジョナサン・ハッセル　アクセンス・テクノロジ－,オライリ－・ジャパン,2003-12-01,2760
4873111552,ＭｙＳＱＬクックブック(ｖｏｌｕｍｅ　１),ポ－ル・デュボワ　赤井誠,オライリ－・ジャパン,2003-11-01,4250
4873111579,ＪａｖａによるＥｘｔｒｅｍｅ　Ｐｒｏｇｒａｍｍｉｎｇクックブック,エリック・Ｍ．バ－ク　ブライアン・Ｍ．コイナ－,オライリ－・ジャパン,2003-10-01,840
4873111617,組み込みＬＩＮＵＸシステム構築,カリム・ヤフマ－　林秀幸,オライリ－・ジャパン,2003-11-01,1310
4873111641,実用ＣＶＳ,ジェニファ－・ベスパ－マン　滝沢徹,オライリ－・ジャパン,2003-12-01,580
4873111757,セキュアプログラミング,マ－ク・Ｇ．グラフ　ケネス・Ｒ．ヴァン・ワイク,オライリ－・ジャパン,2004-04-01,1940
4873111765,ｓｅｎｄｍａｉｌ(ｖｏｌｕｍｅ　１（運用編）),ブライアン・コステ－ルス　エリック・オ－ルマン,オライリ－・ジャパン,2004-04-01,2350
4873111803,ｓｅｎｄｍａｉｌ(ｖｏｌｕｍｅ　２（設定編）),ブライアン・コステ－ルス　エリック・オ－ルマン,オライリ－・ジャパン,2004-04-01,2460
4873111862,Ｋｅｒｂｅｒｏｓ,ジェイソン・ガ－マン　桑村潤,オライリ－・ジャパン,2004-05-01,1610
4873543339,相互作用で解く心と社会,雨宮俊彦,関西大学出版部,2001-03-01,2520
4874085601,ニュ－メリカルレシピ・イン・シ－,ウィリアム・Ｈ．プレス　丹慶勝市,技術評論社,1993-06-01,4450
4874891322,環境計測器ガイドブック[第５版],日本電気計測器工業会,環境コミュニケ－ションズ,2000-04-01,2170
487553504X,情報・符号理論の基礎,汐崎陽,国民科学社,1991-04-01,1600
4875661398,ソフトウェア開発モデル契約解説書,日本電子工業振興協会,コンピュ－タ・エ－ジ社,1994-07-01,3760
4875662718,実践ロイヤル・カスタマ－経営,町田守弘　大竹佳憲,コンピュ－タ・エ－ジ社,2003-06-01,3860
4875662912,Ｊａｖａ開発者のためのＥｃｌｉｐｓｅエキスパ－トガイド,シェリ－・シェイバ－　吉舗紀子,コンピュ－タ・エ－ジ社,2004-03-01,2020
487593193X,８６系演算サブル－チン,成田福雄,工学社,1993-06-01,1380
487593422X,ＯＳ図鑑,野戸美江,工学社,2003-05-01,1000
4875934610,ＤｉｒｅｃｔＸ　９実践プログラミング,Ｉ／Ｏ編集部,工学社,2003-04-01,2920
4875934998,ＤｉｒｅｃｔＸ　９実践プログラミング,Ｉ／Ｏ編集部,工学社,2003-09-01,3820
4875935420,ＤｉｒｅｃｔＸによるゲ－ムプログラミング,大川善邦,工学社,1997-03-01,3890
4875939094,ＤｉｒｅｃｔＸ８．０　３Ｄアクションゲ－ム・プログラミング,登大遊,工学社,2001-03-01,1990
4875939205,ＤｉｒｅｃｔＸ　８実践プログラミング,土井淳　大沢文孝,工学社,2001-04-01,1390
4876496021,循環ビジネス戦略,経済産業省,ケイブン出版,2004-04-01,1970
4876871752,自動車の世界史,エリック・エッカ－マン　松本廉平,グランプリ出版,1996-11-01,1540
487687235X,トヨタ自動車の研究,岡崎宏司,グランプリ出版,2002-07-01,4470
4876981388,ニコマコス倫理学,アリストテレス　朴一功,京都大学学術出版会,2002-07-01,2740
4877780807,Ｃｏｃｏａ＋Ｊａｖａ,赤松正行,広文社,2001-08-01,3170
4877780939,Ｃｏｃｏａ＋Ｊａｖａ(Ｍａｃ　ＯＳ　１０　１０．１対),赤松正行,広文社,2002-01-01,950
4877781021,ＰｏｗｅｒＰｌａｎｔによるＣａｒｂｏｎアプリケ－ション,遠藤隆浩,広文社,2002-03-01,800
4877781110,ＷｅｂＯｂｊｅｃｔｓワ－クブック,倉橋浩一　新居雅行,広文社,2002-05-01,3130
487778117X,ＪＡＶＡでモ－ションプログラミング,古堅真彦,広文社,2002-07-01,4240
4877830154,ＳｗｉｎｇによるＪａｖａ　ＧＵＩプログラミング(3),大村忠史,カットシステム,1999-12-01,4290
4877830464,やさしいＪａｖａ入門,池田成樹,カットシステム,2001-11-01,1040
4877830499,実践Ｊａｖａインタ－ネットプログラミング,豊沢聡,カットシステム,2002-07-01,2130
4877830510,Ｊａｖａ　ＧＵＩプログラミング(ｖｏｌ．１),大村忠史,カットシステム,2002-01-01,1510
4877830529,Ｊａｖａ　ＧＵＩプログラミング(ｖｏｌ．２),大村忠史,カットシステム,2002-06-01,1040
4877830723,Ｊａｖａはじめの一歩,池田成樹,カットシステム,2003-02-01,2760
4877830863,Ｊａｖａ　ＧＵＩプログラミング(ＳＷＴ編),大村忠史,カットシステム,2003-08-01,3090
4877830871,ＩＣタグって何だ？,荒川弘煕　ＮＴＴデ－タ・ユビキタス研究会,カットシステム,2003-09-01,4430
4877830952,ＩＣタグって何だ？[改訂版],荒川弘煕　ＮＴＴデ－タ・ユビキタス研究会,カットシステム,2003-11-01,2330
4877831029,やさしいＬｉｓｐ入門,酒井皇治,カットシステム,2004-04-01,820
4877980636,傷ついた身体、砕かれた心,アムネスティ・インタ－ナショナル　アムネスティ・インタ－ナショナル日本,現代人文社,2001-12-01,1370
4877981691,セクシュアリティの多様性を踏みにじる暴力と虐待,アムネスティ・インタ－ナショナル,現代人文社,2003-07-01,910
4878933488,法哲学講義,ゲオルク・ヴィルヘルム・フリ－ドリヒ・ヘ　長谷川宏,作品社,2000-04-01,1680
4878935464,“ポスト”フェミニズム,竹村和子,作品社,2003-08-01,1690
4878935618,“ポスト”フェミニズム入門,ソフィア・フォカ　レベッカ・ライト,作品社,2003-09-01,3010
4878936282,古代墳墓象徴試論,ヨハン・ヤ－コプ・バハオ－フェン　平田公夫,作品社,2004-02-01,1510
4879740179,ジェンダ－・フリ－は止まらない,上野千鶴子　辛淑玉,松香堂書店,2002-01-01,2750
4881357077,Ｖｉｓｕａｌ　Ｂａｓｉｃ　６．０パ－フェクトガイド,エヴァンゲロス・ペトロウツォス　トップスタジオ,翔泳社,1999-03-01,1130
4881357263,Ｗｎｎ　６（しっくす）徹底入門,吉田智子,翔泳社,1999-03-01,3550
4881357468,暗号化によるセキュリティ対策ガイド,ピ－ト・ロ－シン　エクストランス株式会社,翔泳社,1999-06-01,3980
4881358057,パ－ミションマ－ケティング,セス・ゴディン　阪本啓一,翔泳社,1999-11-01,780
4881358855,初心者のためのＳＱＬ入門(2),渋井俊昭,翔泳社,2001-08-01,2620
4881359061,パ－ミション・マ－ケティングの未来,阪本啓一,翔泳社,2000-11-01,1380
4881359770,ＭｙＳＱＬ徹底入門,日本ＭｙＳＱＬユ－ザ－会　とみたまさひろ,翔泳社,2001-01-01,630
4881711059,ランドスケ－プＧＩＳ,鈴木雅和　岩永幸呼,ソフトサイエンス社,2003-06-01,3830
4882941422,ドラッカ－経営論の体系化(下巻)[第２増訂版],河野大機,三嶺書房,2001-11-01,2080
4883373207,ＡｐｐｌｅＳｃｒｉｐｔ　Ｐｒｏｇｒａｍｍｉｎｇ　ｆｏｒ　Ｍａｃ　ＯＳ　１０（テン,掌田津耶乃,ソシム,2002-10-01,460
4883373436,不正アクセスの予防とリスク管理,キャシ－・クロンカイト　ジャック・マックロウ,ソシム,2003-06-01,3890
4883731901,Ｊａｖａオ－プンソ－ス徹底攻略,岡本隆史,ソフト・リサ－チ・センタ－,2003-11-01,1140
4883731936,ＩＣタグの仕組みとそのインパクト,秋山功　日本ユニシスＩＣタグ研究会,ソフト・リサ－チ・センタ－,2004-01-01,1660
4883840689,マ－ケティング[第２版],小原博,新世社（渋谷区）,2004-02-01,1710
4883850382,フェミニストカウンセリング研究(ｖｏｌ．１),日本フェミニストカウンセリング学会,日本フェミニストカウンセリング学会,2002-10-01,1210
4883850536,フェミニストカウンセリング研究(ｖｏｌ．２),日本フェミニストカウンセリング学会,日本フェミニストカウンセリング学会,2003-10-01,3780
4884663373,巨人ドラッカ－の真髄,枝川公一,太陽企画出版,2000-06-01,980
4884970233,マ－ケティング２２の法則,アル・ライズ　ジャック・トラウト,東急エ－ジェンシ－,1994-01-01,3670
4884970705,市場を獲る,Ｃ．ブリット・ビ－マ－　ジョ－ジ・フィ－ルズ,東急エ－ジェンシ－,1999-04-01,1780
4884970772,「Ｓカ－ブ」が不確実性を克服する,シ－オドア・モ－ディス　寒河竜太郎,東急エ－ジェンシ－,2000-05-01,1960
4885546990,よくわかるＤＶＤ　＆ホ－ムシアタ－,河村正行,電波新聞社,2001-08-01,1110
488554713X,Ｊａｖａプログラミング徹底入門(基礎編),内田智史,電波新聞社,2002-06-01,3210
4885547431,地上デジタル放送のすべて,神島治美,電波新聞社,2003-07-01,3320
4885547555,よくわかるデジタル放送,河村正行,電波新聞社,2003-12-01,1140
4886471870,ゲ－ム作りで学ぶＪａｖａクラス設計入門,工学研究社　中島省吾,エスシ－シ－,2003-11-01,1020
4886471978,Ｊａｖａ入門,瀬戸雅彦,エスシ－シ－,2004-02-01,1990
4886479316,基礎から学ぶＪａｖａプログラミング,電子開発学園衛星教育センタ－,エスシ－シ－,2002-04-01,3580
4886485405,複数のＯＳを共存させる,中澤勇,ディ－・ア－ト,1999-04-01,3620
488648641X,Ｗｅｂプログラミングのための図解でわかる正規表現,マ－クアップ,ディ－・ア－ト,2002-03-01,670
4886486975,サンプルで学ぶＤｉｒｅｃｔＸ　９プログラミングテクニック,浦野収司,ディ－・ア－ト,2003-07-01,3220
4886487270,Ｗｉｎｄｏｗｓ　ＯＳ内部のア－キテクチャのすべて,前川武弘,ディ－・ア－ト,2004-04-01,820
4887134185,思想史のなかのエルンスト・マッハ,今井道夫,東信堂,2001-11-01,3870
4887134975,階級・ジェンダ－・再生産,橋本健二,東信堂,2003-07-01,700
4887184778,ウ－マンズ・デ－タ,女性科学研究所,デ－タハウス,1998-02-01,3210
4887187416,ＴＲＯＮの教科書,Ｉｐｕｓｉｒｏｎ,デ－タハウス,2003-10-01,2900
4887213328,人類にとって戦いとは(1),国立歴史民俗博物館,東洋書林,1999-03-01,2200
4887305265,現代のマ－ケティング,木村達也,大学教育出版,2003-05-01,4480
4887592051,コ－チング・マネジメント,伊藤守（１９５１－）,ディスカヴァ－・トゥエンティワン,2002-07-01,1310
4888486603,ことばの社会心理学[第２版],岡本真一郎,ナカニシヤ出版,2001-10-01,760
4888488401,ジェンダ－を科学する,松本伊瑳子　金井篤子,ナカニシヤ出版,2004-04-01,2250
4890195025,ハ－ドウェアシステム,坂本康治,日本理工出版会,2003-03-01,3090
4890780084,システム監査基準解説書[改訂],,日本情報処理開発協会,1996-07-01,2890
4891002298,Ｍｉｃｒｏｓｏｆｔ　Ｗｏｒｄ　Ｖｅｒｓｉｏｎ　２００２オフィシャルマニュアル,チャ－ルズ・ル－ビン　日経ＢＰソフトプレス,日経ＢＰソフトプレス,2001-06-01,1370
4891002301,Ｍｉｃｒｏｓｏｆｔ　Ｅｘｃｅｌ　Ｖｅｒｓｉｏｎ　２００２オフィシャルマニュアル,マ－ク・ドッジ　クレ－グ・スティンソン,日経ＢＰソフトプレス,2001-06-01,730
489100231X,Ｍｉｃｒｏｓｏｆｔ　Ｏｆｆｉｃｅ　ＸＰ　Ｐｒｏｆｅｓｓｉｏｎａｌオフィシャルマニ,マイケル・ハ－ルヴァ－ソン　マイケル・Ｊ．ヤング,日経ＢＰソフトプレス,2001-07-01,3250
4891002328,Ｍｉｃｒｏｓｏｆｔ　Ａｃｃｅｓｓ　Ｖｅｒｓｉｏｎ　２００２オフィシャルマニュアル,ジョン・Ｌ．ヴィ－スカス　日経ＢＰソフトプレス,日経ＢＰソフトプレス,2001-08-01,1470
4891002336,Ｍｉｃｒｏｓｏｆｔ　ＦｒｏｎｔＰａｇｅ　Ｖｅｒｓｉｏｎ　２００２オフィシャルマニ,ジム・バインズ　日経ＢＰソフトプレス,日経ＢＰソフトプレス,2001-07-01,1310
4891002344,Ｍｉｃｒｏｓｏｆｔ　ＰｏｗｅｒＰｏｉｎｔ　Ｖｅｒｓｉｏｎ　２００２オフィシャルマ,ステファン・Ｗ．サッグマン　日経ＢＰソフトプレス,日経ＢＰソフトプレス,2001-11-01,1340
4891002352,Ｍｉｃｒｏｓｏｆｔ　Ｏｕｔｌｏｏｋ　Ｖｅｒｓｉｏｎ　２００２オフィシャルマニュア,ジム・ボイス　薄金宏之進,日経ＢＰソフトプレス,2001-11-01,2970
4891002417,プログラミングＣ＃,トム・ア－チャ－　豊田孝,日経ＢＰソフトプレス,2001-09-01,1500
4891002441,Ｃ＃標準リファレンス,Ｍｉｃｒｏｓｏｆｔ　Ｃｏｒｐｏｒａｔｉｏ　クイ－プ,日経ＢＰソフトプレス,2001-09-01,970
4891003545,ソフトウェア要求,カ－ル・Ｅ．ウィ－ガ－ズ　渡部洋子,日経ＢＰソフトプレス,2003-07-01,410
4891060972,ＧＩＳデ－タブック(２００３・２００４),日本建設情報総合センタ－,日本建設情報総合センタ－,2004-02-01,3770
4892427306,うれしいの「歩き方」,岡本建彦,ブレ－ン出版,2003-12-01,2620
4892594008,入門ＭＢＡへの経営戦略論,服部吉伸,文理閣,2002-04-01,3010
4892594024,入門ＭＢＡのビジネスプラン,服部吉伸,文理閣,2002-07-01,2320
4893466658,だれも教えなかったマ－ケティング,辻本裕次,総合法令出版,2000-03-01,1670
4893468332,ポ－タ－教授『競争の戦略』入門,グロ－バルタスクフォ－ス株式会社,総合法令出版,2004-02-01,2170
4893468448,情報商人のすゝめ,岩元貴久,総合法令出版,2004-04-01,570
4893621076,ＩＴＲＯＮ標準ガイドブック(’９２―’９３),坂村健,パ－ソナルメディア,1992-12-01,2110
4893621084,トロン仕様チップ標準ガイドブック,,トロン協会,1992-12-01,3980
4893621106,パ－セプトロン[改訂],マ－ヴィン・Ｌ．ミンスキ－　シ－モア・パパ－ト,パ－ソナルメディア,1993-12-01,3890
4893621548,μＩＴＲＯＮ３．０標準ハンドブック[改訂新版],トロン協会,トロン協会,1997-07-01,770
4893699741,ＶＢＡによるＡｒｃＧＩＳプログラミングガイド,ア－ミ－ア・Ｈ．ラザビ　ＥＳＲＩジャパン株式会社,トムソンラ－ニング,2003-09-01,2590
4893699776,Ｈａｐｐｙ　Ｍａｃｉｎｔｏｓｈ　ｄｅｖｅｌｏｐｉｎｇ　ｔｉｍｅ,木下誠,ビ－・エヌ・エヌ新社,2003-07-01,1170
4893846620,メディア・コミュニケ－ション論,竹内郁郎,北樹出版,1998-04-01,3430
4893848534,道徳意識の社会心理学,片瀬一男　高橋征仁,北樹出版,2002-05-01,2820
4893848631,自我・自己の社会心理学,船津衛　安藤清志,北樹出版,2002-06-01,410
4893848704,集合行動の社会心理学,田中淳　土屋淳二,北樹出版,2003-01-01,1110
4893848712,相互行為の社会心理学,伊藤勇　徳川直人,北樹出版,2002-10-01,1800
4893848887,ハンドブック政治心理学,河田潤一　荒木義修,北樹出版,2003-03-01,3470
4893848976,マス・コミュニケ－ション効果研究の展開[改訂新版],田崎篤郎　児島和人,北樹出版,2003-04-01,1990
4893849174,エイジングの社会心理学,辻正二　船津衛,北樹出版,2003-06-01,1340
4893849387,認知の社会心理学,大島尚　北村英哉,北樹出版,2004-04-01,2280
4893849549,災害情報と社会心理,広井脩　広井脩,北樹出版,2004-05-01,3610
4893869523,フランチャイズ本部の立ち上げ方,大野勝彦,ぱる出版,2002-10-01,1830
4894340097,芸術の規則(1),ピエ－ル・ブルデュ　石井洋二郎,藤原書店,1995-02-01,950
4894340399,自由－交換,ピエ－ル・ブルデュ　ハンス・ハ－ケ,藤原書店,1996-05-01,1990
4894341298,教師と学生のコミュニケ－ション,ピエ－ル・ブルデュ　安田尚,藤原書店,1999-04-01,4270
4894341646,アンペイド・ワ－クとは何か,川崎賢子　中村陽一,藤原書店,2000-02-01,1520
4894342936,読む事典・女性学,ヘレナ・ヒラ－タ　志賀亮一,藤原書店,2002-10-01,3180
4894343185,文化の権力,宮島喬　石井洋二郎,藤原書店,2003-01-01,1160
4894343436,琉球文化圏とは何か,海勢頭豊,藤原書店,2003-06-01,750
4894343665,政治,ピエ－ル・ブルデュ　藤本一勇,藤原書店,2003-12-01,3060
4894343762,世論をつくる,パトリック・シャンパ－ニュ　宮島喬,藤原書店,2004-02-01,1970
4894510901,未来社会への変革,フランシス・ヘッセルバイン　加納明弘,フォレスト出版,1999-11-01,3050
4894710994,Ｊａｖａプログラミング(ｖｏｌ．１),ハ－ベイ・Ｍ．ダイテル　ポ－ル・Ｊ．ダイテル,ピアソンエデュケ－ション,1999-01-01,2870
4894711508,ＪＴＡＰＩ（ジェイティ－エ－ピ－アイ）：Ｊａｖａ　Ｔｅｌｅｐｈｏｎｙ　ＡＰＩ（エ,スペンサ－・ロバ－ツ　廣瀬純子,ピアソンエデュケ－ション,1999-12-01,3720
4894711516,Ｅｎｔｅｒｐｒｉｓｅ　ＣＯＲＢＡ,ダ－ク・スラマ　ジェイソン・ガ－ビス,ピアソンエデュケ－ション,1999-11-01,3680
4894711524,ＵＭＬによるＪａｖａオブジェクト設計,ピ－タ－・コ－ド　マ－ク・メイフィ－ルド,ピアソンエデュケ－ション,2000-01-01,1080
4894711532,オブジェクトモデリング表記法ガイドＵＭＬ　１．３,オブジェクト指向研究会　今野睦,ピアソンエデュケ－ション,2000-01-01,770
4894711583,ＣＯＲＢＡ分散オブジェクト,ショ－ン・ベ－カ－　小畑喜一,ピアソンエデュケ－ション,1999-12-01,510
4894711591,Ｊａｖａプログラミング(ｖｏｌ．２),ハ－ベイ・Ｍ．ダイテル　ポ－ル・Ｊ．ダイテル,ピアソンエデュケ－ション,1999-12-01,3320
4894711893,最前線ＵＮＩＸのカ－ネル,ユ－レッシュ・ヴァハリア　徳田英幸,ピアソンエデュケ－ション,2000-05-01,3200
4894711958,Ｊａｖａによるデ－タ構造とアルゴリズム解析入門,クリフォ－ド・Ａ．シェ－ファ－　久野禎子,ピアソンエデュケ－ション,2000-05-01,1850
4894712083,ＭＡＫＥの達人,,ピアソンエデュケ－ション,2000-04-01,4170
4894712261,プログラミング言語ＳＣＨＥＭＥ,Ｒ．ケント・ディヴィグ　村上雅章,ピアソンエデュケ－ション,2000-05-01,2160
4894712458,Ｅｆｆｉｃｉｅｎｔ　Ｃ＋＋（プラプラ）,ダブ・ブルカ　デビット・メイヒュ,ピアソンエデュケ－ション,2000-07-01,1880
4894712547,Ｅｓｓｅｎｔｉａｌ　Ｃ＋＋（シ－プラプラ）,スタンリ・Ｂ．リップマン　鈴木茂哉,ピアソンエデュケ－ション,2000-10-01,750
4894712709,Ｅｘｃｅｐｔｉｏｎａｌ　Ｃ＋＋（シ－プラプラ）,ハ－ブ・サッタ－　浜田真理,ピアソンエデュケ－ション,2000-11-01,900
4894713071,Ｊａｖａリアルタイム仕様,グレッグ・ボレラ　柴田芳樹,ピアソンエデュケ－ション,2000-12-01,1070
4894713268,ＵＮＩＸ／Ｌｉｎｕｘコマンドリテラシ－,アミ－ル・アフザル　小嶋隆一,ピアソンエデュケ－ション,2001-03-01,1550
4894713292,分散オブジェクトモデリングガイド,オブジェクト指向研究会　今野睦,ピアソンエデュケ－ション,2001-03-01,4020
4894713861,実践ＵＭＬ[第２版],クレ－グ・ラ－マン　依田光江,ピアソンエデュケ－ション,2003-10-01,650
4894713926,Ｊａｖａプログラミングのエッセンス,モニカ・ポ－ラン　藤田怜,ピアソンエデュケ－ション,2002-02-01,3230
4894713934,Ｊａｖａプラットフォ－ムパフォ－マンス,スティ－ブ・ウィルソン　ジェフ・ケセルマン,ピアソンエデュケ－ション,2002-07-01,3470
4894714043,Ｊａｖａチュ－トリアル,メアリ・カンピオ－ネ　キャシ－・ウォルラス,ピアソンエデュケ－ション,2001-11-01,690
4894714078,Ｊａｖａによるパ－サ構築技法,スティ－ブン・ジョン・メツカ－　スリ－エ－システムズ,ピアソンエデュケ－ション,2001-11-01,1600
4894714108,Ｅｆｆｅｃｔｉｖｅ　ＳＴＬ,スコット・マイア－ズ　細谷昭,ピアソンエデュケ－ション,2002-01-01,540
4894714221,Ａｃｃｅｌｅｒａｔｅｄ　Ｃ＋＋,アンドル－・ケ－ニグ　バ－バラ・Ｅ．モ－,ピアソンエデュケ－ション,2001-12-01,2170
4894714329,ＳＴＬ[第２版],デ－ビッド・Ｒ．マッサ－　ギルマ－・Ｊ．ダ－ジ,ピアソンエデュケ－ション,2001-11-01,3420
4894714337,ＡＮＳＩ　Ｃｏｍｍｏｎ　Ｌｉｓｐ,ポ－ル・グレアム　久野雅樹,ピアソンエデュケ－ション,2002-09-01,1060
4894714353,Ｍｏｄｅｒｎ　Ｃ＋＋　ｄｅｓｉｇｎ,アンドレイ・アレキサンドレスク　村上雅章,ピアソンエデュケ－ション,2001-12-01,2760
4894714361,Ｅｆｆｅｃｔｉｖｅ　Ｊａｖａ,ジョシュア・ブロック　柴田芳樹,ピアソンエデュケ－ション,2001-11-01,2510
4894714388,ウィンストンのＪａｖａ　２,パトリク・ヘンリ・ウィンストン　サンダ－・ナラシンハン,ピアソンエデュケ－ション,2002-05-01,1410
489471440X,Ｍａｃ　ＯＳ　１０　Ｃｏｃｏａプログラミング,ア－ロン・ヒレガス　村上雅章,ピアソンエデュケ－ション,2002-06-01,780
4894714485,Ｏｃｔａｖｅを用いた数値計算入門,北本卓也,ピアソンエデュケ－ション,2002-12-01,4230
4894714523,Ｊａｖａパフォ－マンステクニック,ダブ・ブルカ　浜田真理,ピアソンエデュケ－ション,2001-06-01,1120
4894714531,プログラミングＲｕｂｙ,デビッド・ト－マス　アンドリュ－・ハント,ピアソンエデュケ－ション,2001-09-01,1040
4894714620,Ｌｉｎｕｘセキュリティ全書,ボブ・トクセン　猪俣敦夫,ピアソンエデュケ－ション,2002-10-01,890
4894714736,Ｊａｖａ　２　Ｐｌａｔｆｏｒｍ　Ｍｉｃｒｏ　Ｅｄｉｔｉｏｎプログラミング,ロジャ－・リッグス　アンテロ・タイバルザリ,ピアソンエデュケ－ション,2002-06-01,3310
4894714744,アドバンスドＪａｖａＳｅｒｖｅｒ　Ｐａｇｅｓ,デビッド・Ｍ．ギアリ－　松田慎一,ピアソンエデュケ－ション,2002-05-01,2740
4894715120,ディジタル署名と暗号技術[第２版],ウォ－ウィック・フォ－ド　マイケル・バウム,ピアソンエデュケ－ション,2001-10-01,3760
4894715252,ＳＱＬ実践ガイド,ジュディス・Ｓ．ボウマン　サンドラ・Ｌ．エマ－ソン,ピアソンエデュケ－ション,2002-06-01,720
4894715600,ディジタルワイヤレス伝送技術,三瓶政一,ピアソンエデュケ－ション,2002-09-01,4190
4894715740,Ｊａｖａ言語(上（基本プログラミング編）),広内哲夫,ピアソンエデュケ－ション,2002-11-01,4170
4894716275,コトラ－のマ－ケティング入門,フィリップ・コトラ－　ゲアリ－・ア－ムストロング,ピアソンエデュケ－ション,2000-04-01,750
4894716445,コトラ－のマ－ケティング・マネジメント,フィリップ・コトラ－　月谷真紀,ピアソンエデュケ－ション,2001-11-01,4340
4894716585,コトラ－のマ－ケティング・マネジメント(基本編),フィリップ・コトラ－　月谷真紀,ピアソンエデュケ－ション,2002-10-01,2880
4894716607,コトラ－のプロフェッショナル・サ－ビス・マ－ケティング,フィリップ・コトラ－　ト－マス・ヘイズ,ピアソンエデュケ－ション,2002-12-01,630
4894716623,ＸＭＬとＪａｖａによるＷｅｂアプリケ－ション開発[第２版],丸山宏,ピアソンエデュケ－ション,2002-12-01,2210
4894716666,アルゴリズム入門[新装版],サラ・バッセ　岩野和生,ピアソンエデュケ－ション,2002-11-01,850
4894717190,コトラ－のホスピタリティ＆ツ－リズム・マ－ケティング,フィリップ・コトラ－　ジョン・Ｒ．ボ－エン,ピアソンエデュケ－ション,2003-12-01,3350
4894717549,ケント・ベックのＳｍａｌｌｔａｌｋベストプラクティス・パタ－ン,ケント・ベック　梅澤真史,ピアソンエデュケ－ション,2003-04-01,2950
4894717700,プログラミング言語の概念と構造[新装版],ラヴィ・セシ　神林靖,ピアソンエデュケ－ション,2002-08-01,3990
489522287X,エンジンのロマン,鈴木孝,三樹書房,2002-04-01,4060
4895858812,図解英和大辞典,オックスフォ－ド大学出版局　Ｄｏｒｌｉｎｇ　Ｋｉｎｄｅｒｓｌｅｙ　Ｌ,マクミランランゲ－ジハウス,2002-12-01,2560
4896120213,奄美の歴史とシマの民俗,先田光演,まろうど社,1999-05-01,740
489627220X,ゼロからはじめるＵＭＬ超入門,永嶋浩,メディア・テック出版,2004-03-01,3520
4896282019,安心できる競売物件の見方・買い方[第３版],競売実務研究会,民事法研究会,2004-04-01,2560
4896340973,ネコと学ぼうマ－ケティングの神髄(上巻),経済楽優,明窓出版,2002-06-01,3240
4897974437,『コ－ルセンタ－』のすべて,菱沼千明,リックテレコム,2000-03-01,4140
4897977169,ＣＲＭパ－フェクトビジョン,スティ－ブ・モレル　ロ－レン・フィロネンコ,リックテレコム,2002-06-01,2290
4897977215,テキストマイニング活用法,石井哲,リックテレコム,2002-11-01,2780
4898145019,Ｍａｃ　ＯＳ　１０　ｖ　１０．３　ＵＮＩＸ的徹底活用講座,大津真,ロ－カス,2004-03-01,3410
4898145027,Ｍａｃ　ＯＳ　１０　ｖ　１０．３メ－ルサ－バ構築術,長田美彦,ロ－カス,2004-03-01,3860
4899770286,自宅サ－バ－ｆｏｒ　Ｗｉｎｄｏｗｓ　ＸＰ,林和孝,ラトルズ,2002-06-01,1550
4899770367,ＲｅｄＨａｔ　Ｌｉｎｕｘ　７．３で作る自宅サ－バ－ｆｏｒ　Ｌｉｎｕｘ,鈴木哲哉,ラトルズ,2002-07-01,1970
4899770464,ＲｅｄＨａｔ　Ｌｉｎｕｘ　８で作る自宅サ－バ－ｆｏｒ　Ｌｉｎｕｘ,鈴木哲哉,ラトルズ,2003-01-01,3920
489977057X,Ｊａｖａ＋ＭｙＳＱＬ＋Ｔｏｍｃａｔで始めるサ－バアプリケ－ション開発入門,竹形誠司,ラトルズ,2003-10-01,2550
4899840195,ＭＢＡ　１０人の選択,真野俊樹,はる書房,2001-07-01,2420
4900900605,ｍａｋｅ改訂版,アンドル－・オラム　スティ－ブ・タルボット,オライリ－・ジャパン,1997-07-01,4190
4900900664,Ｐｔｈｒｅａｄｓプログラミング,ブラッドフォ－ド・ニコルス　榊正憲,オライリ－・ジャパン,1998-05-01,3090
4900900761,メ－リングリストシステム管理,アラン・シュワルツ　田和勝,オライリ－・ジャパン,1998-09-01,2010
4900900788,入門ｂａｓｈ,キャメロン・ニュ－ハン　ロ－ゼンブラット・ビル,オライリ－・ジャパン,1998-09-01,1790
4900900834,入門ＧＮＵ　Ｅｍａｃｓ,デブラ・カメロン　ビル・ロ－ゼンブラット,オライリ－・ジャパン,1999-10-01,1360
4900963240,マンガ天皇制を知るための近現代史入門,東京都歴史教育者協議会　シュガ－佐藤,いそっぷ社,2003-08-01,3270
490123420X,成長の技術,橋本博,英治出版,2002-11-01,4390
4901234226,エモ－ショナル・プログラムバイブル,坂井直樹　ウォ－タ－スタジオ,英治出版,2002-06-01,4340
490125345X,政治社会学,加藤秀治郎　岩渕美克,一藝社,2004-05-01,3850
4901654055,スピノザ『エチカ』の研究,福居純,知泉書館,2002-09-01,2500
4901654136,愛の思想史,金子晴勇,知泉書館,2003-03-01,3870
4901676768,Ｍａｃ　ＯＳ　１０　Ｓｅｒｖｅｒ設定ガイド,ジオデシック,九天社,2004-04-01,4150
4901689266,生命と倫理,青木矩彦,丸善プラネット,2004-04-01,3330
490239801X,未来へ語り継ぐマーケティング,,日本のマーケティング　５０周年推進協議会（仕入課扱,2004-03-01,1580
4905913500,山の神,ネリ－・ナウマン　野村伸一,言叢社,1994-10-01,2200
4906391419,標準ＳＱＬプログラミング,原潔,カットシステム,1997-03-01,4040
4906391737,ＳｗｉｎｇによるＪａｖａ　ＧＵＩプログラミング(2),大村忠史,カットシステム,1998-11-01,3380
4906391796,やさしいＳＱＬ入門,手塚忠則,カットシステム,1999-04-01,1660
4915252515,ブルデュ－を読む,情況出版株式会社,情況出版,2001-02-01,3570
4915252523,自由のハ－トで,ドゥルシラ・コ－ネル　石岡良治,情況出版,2001-03-01,4470
4915787214,マ－ケティング,上田隆穂　江原淳,新世社（渋谷区）,1992-05-01,1160
4915851249,パタ－ン識別,リチャ－ド・Ｏ．デュ－ダ　ピ－タ－・エリオット・ハ－ト（１９４１生,新技術コミュニケ－ションズ,2001-07-01,2820
4924998672,Ｓｅｎｄｍａｉｌ[改訂版],江面敦　矢吹道郎,テクノプレス,2003-12-01,1420
4930867347,中国税務六法(２００４年版),中央青山監査法人,日本国際貿易促進協会,2003-12-01,3450
4931466966,ここまできた！モバイルマ－ケティング進化論,竹林一　西田徹,日経ＢＰ企画,2004-02-01,610
4938661055,ディスタンクシオン(1),ピエ－ル・ブルデュ　石井洋二郎,藤原書店,1990-04-01,870
4938661063,ディスタンクシオン(2),ピエ－ル・ブルデュ　石井洋二郎,藤原書店,1990-04-01,450
4938661403,構造と実践,ピエ－ル・ブルデュ　石崎晴己,藤原書店,1991-12-01,3530
4938661640,話すということ,ピエ－ル・ブルデュ　稲賀繁美,藤原書店,1993-01-01,1330
4938661829,差異と欲望,石井洋二郎,藤原書店,1993-11-01,4120
4938661845,社会学者のメチエ,ピエ－ル・ブルデュ　田原音和,藤原書店,1994-01-01,1100
4939007286,Ｇａｍｅ　ｐｒｏｇｒａｍｍｉｎｇ　Ｇｅｍｓ,マ－ク・Ａ．デル－ラ　川西裕幸,ボ－ンデジタル,2001-08-01,960
4939007332,Ｇａｍｅ　ｐｒｏｇｒａｍｍｉｎｇ　ｇｅｍｓ(2),マ－ク・Ａ．デル－ラ　川西裕幸,ボ－ンデジタル,2002-07-01,850
4939007529,Ｒｅａｌｔｉｍｅ　ｓｈａｄｅｒ　ｐｒｏｇｒａｍｍｉｎｇ日本語,Ｒｏｎ　Ｆｏｓｎｅｒ,ボ－ンデジタル,2003-10-01,3260
4939007634,ソフトウェア工学とコンピュ－タゲ－ム,ル－ディ・ラッカ－　中本浩,ボ－ンデジタル,2003-12-01,1850
4946342443,ニッポンのクルマ２０世紀,,八重洲出版,2000-11-01,1800
