U000001,谷岡　春樹,東京都江戸川区一之江X-X,03-3652-XXXX,1980/4/2,2014/4/2
U000002,塩見　ひとみ,埼玉県川口市栄町X-X,048-251-XXXX,1975/11/18,2014/4/2
U000003,植木　仁,埼玉県さいたま市桜区中島X-X,048-851-XXXX,1990/6/8,2014/4/4
U000004,下村　沙耶,千葉県船橋市湊町X-X,047-436-XXXX,1977/12/22,2014/4/5
U000005,森　幸子,東京都品川区大井X-X,03-3777-XXXX,1985/8/29,2014/4/5
U000006,羽田　雅彦,東京都江東区亀戸X-X,03-3683-XXXX,1981/2/3,2014/4/6
U000007,三枝　宏,千葉県市川市鬼越X-X,047-334-XXXX,1969/6/13,2014/4/7
U000008,森村　愛奈,神奈川県横浜市中区住吉町X-X,045-641-XXXX,1991/10/15,2014/4/8
U000009,北条　明宏,東京都江戸川区船堀X-X,03-3689-XXXX,1985/7/20,2014/4/8
U000010,田中　俊之,埼玉県戸田市上戸田X-X,048-442-XXXX,1982/4/11,2014/4/8
U000011,安田　敦子,東京都品川区西五反田X-X,03-3494-XXXX,1995/1/8,2014/4/9
U000012,小西　友香,東京都新宿区上落合X-X,03-3360-XXXX,1980/10/28,2014/4/10
U000013,森谷　俊二,神奈川県川崎市川崎区旭町X-X,044-233-XXXX,1981/9/2,2014/4/10
U000014,田沢　真帆,東京都新宿区富久町X-X,03-3357-XXXX,1988/6/9,2014/4/12
U000015,山崎　晋也,東京都葛飾区亀有X-X,03-3601-XXXX,1967/7/10,2014/4/13
U000016,奥　美和子,東京都足立区千住X-X,03-5813-XXXX,1995/5/17,2014/4/13
U000017,北川　人志,千葉県市川市大洲X-X,047-383-XXXX,1984/10/3,2014/4/14
U000018,藤島　結衣,神奈川県横浜市神奈川区入江X-X,045-421-XXXX,1987/8/18,2014/4/14
U000019,森久保　明,埼玉県戸田市戸田公園X-X,048-422-XXXX,1970/4/30,2014/4/15
U000020,鈴木　和彦,千葉県千葉市若葉区御成台X-X,043-236-XXXX,1971/9/2,2014/4/15
